Date,HomeTeam,AwayTeam,FTHG,FTAG,FTR,HomeOVA,HomeATT,HomeMID,HomeDEF,AwayOVA,AwayATT,AwayMID,AwayDEF,OVA_diff,HT_match_played,HT_current_standing,HT_past_standing,HT_past_goal_diff,HT_past_win_rate,HT_goal_for,HT_goal_against,HT_goal_diff,HT_win_rate_season,AT_match_played,AT_current_standing,AT_past_standing,AT_past_goal_diff,AT_past_win_rate,AT_goal_for,AT_goal_against,AT_goal_diff,AT_win_rate_season,HT_3_win_streak,HT_5_win_streak,HT_3_lose_Streak,HT_5_lose_Streak,AT_3_win_streak,AT_5_win_streak,AT_3_lose_Streak,AT_5_lose_Streak,HT_5_win_rate,AT_5_win_rate,current_standing_diff,past_standing_diff,past_goal_diff_diff,past_win_rate_diff,win_rate_season_diff,goal_diff_diff
2021-08-13,Brentford,Arsenal,2.0,0.0,H,74,74,75,74,80,82,80,77,-6,0,0,-1,-1,0.0,0.0,0.0,0.0,,0,0,61,16,0.4736842105263157,0.0,0.0,0.0,,0,0,0,0,0,0,0,0,,,0,-62,-17,-0.4736842105263157,,0.0
2021-08-14,Man United,Leeds,5.0,1.0,H,83,85,83,81,76,77,78,75,7,0,0,74,29,0.5526315789473685,0.0,0.0,0.0,,0,0,59,8,0.4736842105263157,0.0,0.0,0.0,,0,0,0,0,0,0,0,0,,,0,15,21,0.07894736842105277,,0.0
2021-08-14,Burnley,Brighton,1.0,2.0,A,76,77,75,76,76,77,75,76,0,0,0,39,-22,0.2631578947368421,0.0,0.0,0.0,,0,0,41,-6,0.2368421052631578,0.0,0.0,0.0,,0,0,0,0,0,0,0,0,,,0,-2,-16,0.026315789473684292,,0.0
2021-08-14,Chelsea,Crystal Palace,3.0,0.0,H,84,83,86,83,76,76,76,75,8,0,0,67,22,0.5,0.0,0.0,0.0,,0,0,44,-25,0.3157894736842105,0.0,0.0,0.0,,0,0,0,0,0,0,0,0,,,0,23,47,0.1842105263157895,,0.0
2021-08-14,Everton,Southampton,3.0,1.0,H,78,78,78,77,76,75,77,76,2,0,0,59,-1,0.4473684210526316,0.0,0.0,0.0,,0,0,43,-21,0.3157894736842105,0.0,0.0,0.0,,0,0,0,0,0,0,0,0,,,0,16,20,0.13157894736842107,,0.0
2021-08-14,Leicester,Wolves,1.0,0.0,H,80,80,81,79,78,79,80,78,2,0,0,66,18,0.5263157894736842,0.0,0.0,0.0,,0,0,45,-16,0.3157894736842105,0.0,0.0,0.0,,0,0,0,0,0,0,0,0,,,0,21,34,0.21052631578947367,,0.0
2021-08-14,Watford,Aston Villa,3.0,2.0,H,74,75,75,73,78,79,78,79,-4,0,0,-1,-1,0.0,0.0,0.0,0.0,,0,0,55,9,0.4210526315789473,0.0,0.0,0.0,,0,0,0,0,0,0,0,0,,,0,-56,-10,-0.4210526315789473,,0.0
2021-08-14,Norwich,Liverpool,0.0,3.0,A,73,75,73,73,85,86,84,85,-12,0,0,-1,-1,0.0,0.0,0.0,0.0,,0,0,69,26,0.5263157894736842,0.0,0.0,0.0,,0,0,0,0,0,0,0,0,,,0,-70,-27,-0.5263157894736842,,0.0
2021-08-15,Newcastle,West Ham,2.0,4.0,A,77,77,77,77,79,80,78,78,-2,0,0,45,-16,0.3157894736842105,0.0,0.0,0.0,,0,0,65,15,0.5,0.0,0.0,0.0,,0,0,0,0,0,0,0,0,,,0,-20,-31,-0.1842105263157895,,0.0
2021-08-15,Tottenham,Man City,1.0,0.0,H,81,83,80,79,85,84,87,86,-4,0,0,62,23,0.4736842105263157,0.0,0.0,0.0,,0,0,86,51,0.7105263157894737,0.0,0.0,0.0,,0,0,0,0,0,0,0,0,,,0,-24,-28,-0.23684210526315796,,0.0
2021-08-21,Liverpool,Burnley,2.0,0.0,H,85,86,84,85,76,77,75,76,9,1,3,69,26,0.5263157894736842,3.0,0.0,3.0,1.0,1,0,39,-22,0.2631578947368421,1.0,2.0,-1.0,0.0,0,0,0,0,0,0,0,0,,,3,30,48,0.2631578947368421,1.0,4.0
2021-08-21,Aston Villa,Newcastle,2.0,0.0,H,78,79,78,79,77,77,77,77,1,1,0,55,9,0.4210526315789473,2.0,3.0,-1.0,0.0,1,0,45,-16,0.3157894736842105,2.0,4.0,-2.0,0.0,0,0,0,0,0,0,0,0,,,0,10,25,0.10526315789473678,0.0,1.0
2021-08-21,Crystal Palace,Brentford,0.0,0.0,D,76,76,76,75,74,74,75,74,2,1,0,44,-25,0.3157894736842105,0.0,3.0,-3.0,0.0,1,3,-1,-1,0.0,2.0,0.0,2.0,1.0,0,0,0,0,0,0,0,0,,,-3,45,-24,0.3157894736842105,-1.0,-5.0
2021-08-21,Leeds,Everton,2.0,2.0,D,76,77,78,75,78,78,78,77,-2,1,0,59,8,0.4736842105263157,1.0,5.0,-4.0,0.0,1,3,59,-1,0.4473684210526316,3.0,1.0,2.0,1.0,0,0,0,0,0,0,0,0,,,-3,0,9,0.026315789473684126,-1.0,-6.0
2021-08-21,Man City,Norwich,5.0,0.0,H,85,84,87,86,73,75,73,73,12,1,0,86,51,0.7105263157894737,0.0,1.0,-1.0,0.0,1,0,-1,-1,0.0,0.0,3.0,-3.0,0.0,0,0,0,0,0,0,0,0,,,0,87,52,0.7105263157894737,0.0,2.0
2021-08-21,Brighton,Watford,2.0,0.0,H,76,77,75,76,74,75,75,73,2,1,3,41,-6,0.2368421052631578,2.0,1.0,1.0,1.0,1,3,-1,-1,0.0,3.0,2.0,1.0,1.0,0,0,0,0,0,0,0,0,,,0,42,-5,0.2368421052631578,0.0,0.0
2021-08-22,Southampton,Man United,1.0,1.0,D,76,75,77,76,83,85,83,81,-7,1,0,43,-21,0.3157894736842105,1.0,3.0,-2.0,0.0,1,3,74,29,0.5526315789473685,5.0,1.0,4.0,1.0,0,0,0,0,0,0,0,0,,,-3,-31,-50,-0.23684210526315796,-1.0,-6.0
2021-08-22,Wolves,Tottenham,0.0,1.0,A,78,79,80,78,81,83,80,79,-3,1,0,45,-16,0.3157894736842105,0.0,1.0,-1.0,0.0,1,3,62,23,0.4736842105263157,1.0,0.0,1.0,1.0,0,0,0,0,0,0,0,0,,,-3,-17,-39,-0.1578947368421052,-1.0,-2.0
2021-08-22,Arsenal,Chelsea,0.0,2.0,A,80,82,80,77,84,83,86,83,-4,1,0,61,16,0.4736842105263157,0.0,2.0,-2.0,0.0,1,3,67,22,0.5,3.0,0.0,3.0,1.0,0,0,0,0,0,0,0,0,,,-3,-6,-6,-0.026315789473684292,-1.0,-5.0
2021-08-23,West Ham,Leicester,4.0,1.0,H,79,80,78,78,80,80,81,79,-1,1,3,65,15,0.5,4.0,2.0,2.0,1.0,1,3,66,18,0.5263157894736842,1.0,0.0,1.0,1.0,0,0,0,0,0,0,0,0,,,0,-1,-3,-0.02631578947368418,0.0,1.0
2021-08-28,Man City,Arsenal,5.0,0.0,H,85,84,87,86,80,82,80,77,5,2,3,86,51,0.7105263157894737,5.0,1.0,4.0,0.5,2,0,61,16,0.4736842105263157,0.0,4.0,-4.0,0.0,0,0,0,0,0,0,0,0,,,3,25,35,0.23684210526315796,0.5,8.0
2021-08-28,Aston Villa,Brentford,1.0,1.0,D,78,79,78,79,74,74,75,74,4,2,3,55,9,0.4210526315789473,4.0,3.0,1.0,0.5,2,4,-1,-1,0.0,2.0,0.0,2.0,0.5,0,0,0,0,0,0,0,0,,,-1,56,10,0.4210526315789473,0.0,-1.0
2021-08-28,Brighton,Everton,0.0,2.0,A,76,77,75,76,78,78,78,77,-2,2,6,41,-6,0.2368421052631578,4.0,1.0,3.0,1.0,2,4,59,-1,0.4473684210526316,5.0,3.0,2.0,0.5,0,0,0,0,0,0,0,0,,,2,-18,-5,-0.21052631578947378,0.5,1.0
2021-08-28,Newcastle,Southampton,2.0,2.0,D,77,77,77,77,76,75,77,76,1,2,0,45,-16,0.3157894736842105,2.0,6.0,-4.0,0.0,2,1,43,-21,0.3157894736842105,2.0,4.0,-2.0,0.0,0,0,0,0,0,0,0,0,,,-1,2,5,0.0,0.0,-2.0
2021-08-28,Norwich,Leicester,1.0,2.0,A,73,75,73,73,80,80,81,79,-7,2,0,-1,-1,0.0,0.0,8.0,-8.0,0.0,2,3,66,18,0.5263157894736842,2.0,4.0,-2.0,0.5,0,0,0,0,0,0,0,0,,,-3,-67,-19,-0.5263157894736842,-0.5,-6.0
2021-08-28,West Ham,Crystal Palace,2.0,2.0,D,79,80,78,78,76,76,76,75,3,2,6,65,15,0.5,8.0,3.0,5.0,1.0,2,1,44,-25,0.3157894736842105,0.0,3.0,-3.0,0.0,0,0,0,0,0,0,0,0,,,5,21,40,0.1842105263157895,1.0,8.0
2021-08-28,Liverpool,Chelsea,1.0,1.0,D,85,86,84,85,84,83,86,83,1,2,6,69,26,0.5263157894736842,5.0,0.0,5.0,1.0,2,6,67,22,0.5,5.0,0.0,5.0,1.0,0,0,0,0,0,0,0,0,,,0,2,4,0.02631578947368418,0.0,0.0
2021-08-29,Burnley,Leeds,1.0,1.0,D,76,77,75,76,76,77,78,75,0,2,0,39,-22,0.2631578947368421,1.0,4.0,-3.0,0.0,2,1,59,8,0.4736842105263157,3.0,7.0,-4.0,0.0,0,0,0,0,0,0,0,0,,,-1,-20,-30,-0.21052631578947362,0.0,1.0
2021-08-29,Tottenham,Watford,1.0,0.0,H,81,83,80,79,74,75,75,73,7,2,6,62,23,0.4736842105263157,2.0,0.0,2.0,1.0,2,3,-1,-1,0.0,3.0,4.0,-1.0,0.5,0,0,0,0,0,0,0,0,,,3,63,24,0.4736842105263157,0.5,3.0
2021-08-29,Wolves,Man United,0.0,1.0,A,78,79,80,78,83,85,83,81,-5,2,0,45,-16,0.3157894736842105,0.0,2.0,-2.0,0.0,2,4,74,29,0.5526315789473685,6.0,2.0,4.0,0.5,0,0,0,0,0,0,0,0,,,-4,-29,-45,-0.23684210526315796,-0.5,-6.0
2021-09-11,Crystal Palace,Tottenham,3.0,0.0,H,76,76,76,75,81,83,80,79,-5,3,2,44,-25,0.3157894736842105,2.0,5.0,-3.0,0.0,3,9,62,23,0.4736842105263157,3.0,0.0,3.0,1.0,0,0,0,0,0,0,0,0,,,-7,-18,-48,-0.1578947368421052,-1.0,-6.0
2021-09-11,Arsenal,Norwich,1.0,0.0,H,80,82,80,77,73,75,73,73,7,3,0,61,16,0.4736842105263157,0.0,9.0,-9.0,0.0,3,0,-1,-1,0.0,1.0,10.0,-9.0,0.0,0,0,0,0,0,0,0,0,,,0,62,17,0.4736842105263157,0.0,0.0
2021-09-11,Brentford,Brighton,0.0,1.0,A,74,74,75,74,76,77,75,76,-2,3,5,-1,-1,0.0,3.0,1.0,2.0,0.3333333333333333,3,6,41,-6,0.2368421052631578,4.0,3.0,1.0,0.6666666666666666,0,0,0,0,0,0,0,0,,,-1,-42,5,-0.2368421052631578,-0.3333333333333333,1.0
2021-09-11,Leicester,Man City,0.0,1.0,A,80,80,81,79,85,84,87,86,-5,3,6,66,18,0.5263157894736842,4.0,5.0,-1.0,0.6666666666666666,3,6,86,51,0.7105263157894737,10.0,1.0,9.0,0.6666666666666666,0,0,0,0,0,0,0,0,,,0,-20,-33,-0.1842105263157895,0.0,-10.0
2021-09-11,Man United,Newcastle,4.0,1.0,H,83,85,83,81,77,77,77,77,6,3,7,74,29,0.5526315789473685,7.0,2.0,5.0,0.6666666666666666,3,1,45,-16,0.3157894736842105,4.0,8.0,-4.0,0.0,0,0,0,0,0,0,0,0,,,6,29,45,0.23684210526315796,0.6666666666666666,9.0
2021-09-11,Southampton,West Ham,0.0,0.0,D,76,75,77,76,79,80,78,78,-3,3,2,43,-21,0.3157894736842105,4.0,6.0,-2.0,0.0,3,7,65,15,0.5,10.0,5.0,5.0,0.6666666666666666,0,0,0,0,0,0,0,0,,,-5,-22,-36,-0.1842105263157895,-0.6666666666666666,-7.0
2021-09-11,Watford,Wolves,0.0,2.0,A,74,75,75,73,78,79,80,78,-4,3,3,-1,-1,0.0,3.0,5.0,-2.0,0.3333333333333333,3,0,45,-16,0.3157894736842105,0.0,3.0,-3.0,0.0,0,0,0,0,0,0,0,0,,,3,-46,15,-0.3157894736842105,0.3333333333333333,1.0
2021-09-11,Chelsea,Aston Villa,3.0,0.0,H,84,83,86,83,78,79,78,79,6,3,7,67,22,0.5,6.0,1.0,5.0,0.6666666666666666,3,4,55,9,0.4210526315789473,5.0,4.0,1.0,0.3333333333333333,0,0,0,0,0,0,0,0,,,3,12,13,0.07894736842105271,0.3333333333333333,4.0
2021-09-12,Leeds,Liverpool,0.0,3.0,A,76,77,78,75,85,86,84,85,-9,3,2,59,8,0.4736842105263157,4.0,8.0,-4.0,0.0,3,7,69,26,0.5263157894736842,6.0,1.0,5.0,0.6666666666666666,0,0,0,0,0,0,0,0,,,-5,-10,-18,-0.052631578947368474,-0.6666666666666666,-9.0
2021-09-13,Everton,Burnley,3.0,1.0,H,78,78,78,77,76,77,75,76,2,3,7,59,-1,0.4473684210526316,7.0,3.0,4.0,0.6666666666666666,3,1,39,-22,0.2631578947368421,2.0,5.0,-3.0,0.0,0,0,0,0,0,0,0,0,,,6,20,21,0.1842105263157895,0.6666666666666666,7.0
2021-09-17,Newcastle,Leeds,1.0,1.0,D,77,77,77,77,76,77,78,75,1,4,1,45,-16,0.3157894736842105,5.0,12.0,-7.0,0.0,4,2,59,8,0.4736842105263157,4.0,11.0,-7.0,0.0,0,0,0,0,0,0,0,0,,,-1,-14,-24,-0.1578947368421052,0.0,0.0
2021-09-18,Wolves,Brentford,0.0,2.0,A,78,79,80,78,74,74,75,74,4,4,3,45,-16,0.3157894736842105,2.0,3.0,-1.0,0.25,4,5,-1,-1,0.0,3.0,2.0,1.0,0.25,0,0,0,0,0,0,0,0,,,-2,46,-15,0.3157894736842105,0.0,-2.0
2021-09-18,Burnley,Arsenal,0.0,1.0,A,76,77,75,76,80,82,80,77,-4,4,1,39,-22,0.2631578947368421,3.0,8.0,-5.0,0.0,4,3,61,16,0.4736842105263157,1.0,9.0,-8.0,0.25,0,0,0,0,0,0,0,0,,,-2,-22,-38,-0.21052631578947362,-0.25,3.0
2021-09-18,Liverpool,Crystal Palace,3.0,0.0,H,85,86,84,85,76,76,76,75,9,4,10,69,26,0.5263157894736842,9.0,1.0,8.0,0.75,4,5,44,-25,0.3157894736842105,5.0,5.0,0.0,0.25,0,0,0,0,0,0,0,0,,,5,25,51,0.21052631578947367,0.5,8.0
2021-09-18,Man City,Southampton,0.0,0.0,D,85,84,87,86,76,75,77,76,9,4,9,86,51,0.7105263157894737,11.0,1.0,10.0,0.75,4,3,43,-21,0.3157894736842105,4.0,6.0,-2.0,0.0,1,0,0,0,0,0,0,0,,,6,43,72,0.39473684210526316,0.75,12.0
2021-09-18,Norwich,Watford,1.0,3.0,A,73,75,73,73,74,75,75,73,-1,4,0,-1,-1,0.0,1.0,11.0,-10.0,0.0,4,3,-1,-1,0.0,3.0,7.0,-4.0,0.25,0,0,1,0,0,0,1,0,,,-3,0,0,0.0,-0.25,-6.0
2021-09-18,Aston Villa,Everton,3.0,0.0,H,78,79,78,79,78,78,78,77,0,4,4,55,9,0.4210526315789473,5.0,7.0,-2.0,0.25,4,10,59,-1,0.4473684210526316,10.0,4.0,6.0,0.75,0,0,0,0,0,0,0,0,,,-6,-4,10,-0.026315789473684292,-0.5,-8.0
2021-09-19,Brighton,Leicester,2.0,1.0,H,76,77,75,76,80,80,81,79,-4,4,9,41,-6,0.2368421052631578,5.0,3.0,2.0,0.75,4,6,66,18,0.5263157894736842,4.0,6.0,-2.0,0.5,0,0,0,0,0,0,0,0,,,3,-25,-24,-0.2894736842105264,0.25,4.0
2021-09-19,West Ham,Man United,1.0,2.0,A,79,80,78,78,83,85,83,81,-4,4,8,65,15,0.5,10.0,5.0,5.0,0.5,4,10,74,29,0.5526315789473685,11.0,3.0,8.0,0.75,0,0,0,0,0,0,0,0,,,-2,-9,-14,-0.052631578947368474,-0.25,-3.0
2021-09-19,Tottenham,Chelsea,0.0,3.0,A,81,83,80,79,84,83,86,83,-3,4,9,62,23,0.4736842105263157,3.0,3.0,0.0,0.75,4,10,67,22,0.5,9.0,1.0,8.0,0.75,0,0,0,0,0,0,0,0,,,-1,-5,1,-0.026315789473684292,0.0,-8.0
2021-09-25,Chelsea,Man City,0.0,1.0,A,84,83,86,83,85,84,87,86,-1,5,13,67,22,0.5,12.0,1.0,11.0,0.8,5,10,86,51,0.7105263157894737,11.0,1.0,10.0,0.6,0,0,0,0,0,0,0,0,0.8,0.6,3,-19,-29,-0.21052631578947367,0.20000000000000007,1.0
2021-09-25,Man United,Aston Villa,0.0,1.0,A,83,85,83,81,78,79,78,79,5,5,13,74,29,0.5526315789473685,13.0,4.0,9.0,0.8,5,7,55,9,0.4210526315789473,8.0,7.0,1.0,0.4,1,0,0,0,0,0,0,0,0.8,0.4,6,19,20,0.13157894736842118,0.4,8.0
2021-09-25,Everton,Norwich,2.0,0.0,H,78,78,78,77,73,75,73,73,5,5,10,59,-1,0.4473684210526316,10.0,7.0,3.0,0.6,5,0,-1,-1,0.0,2.0,14.0,-12.0,0.0,0,0,0,0,0,0,1,1,0.6,0.0,10,60,0,0.4473684210526316,0.6,15.0
2021-09-25,Leeds,West Ham,1.0,2.0,A,76,77,78,75,79,80,78,78,-3,5,3,59,8,0.4736842105263157,5.0,12.0,-7.0,0.0,5,8,65,15,0.5,11.0,7.0,4.0,0.4,0,0,0,0,0,0,0,0,0.0,0.4,-5,-6,-7,-0.026315789473684292,-0.4,-11.0
2021-09-25,Leicester,Burnley,2.0,2.0,D,80,80,81,79,76,77,75,76,4,5,6,66,18,0.5263157894736842,5.0,8.0,-3.0,0.4,5,1,39,-22,0.2631578947368421,3.0,9.0,-6.0,0.0,0,0,0,0,0,0,0,0,0.4,0.0,5,27,40,0.2631578947368421,0.4,3.0
2021-09-25,Watford,Newcastle,1.0,1.0,D,74,75,75,73,77,77,77,77,-3,5,6,-1,-1,0.0,6.0,8.0,-2.0,0.4,5,2,45,-16,0.3157894736842105,6.0,13.0,-7.0,0.0,0,0,0,0,0,0,0,0,0.4,0.0,4,-46,15,-0.3157894736842105,0.4,5.0
2021-09-25,Brentford,Liverpool,3.0,3.0,D,74,74,75,74,85,86,84,85,-11,5,8,-1,-1,0.0,5.0,2.0,3.0,0.4,5,13,69,26,0.5263157894736842,12.0,1.0,11.0,0.8,0,0,0,0,0,0,0,0,0.4,0.8,-5,-70,-27,-0.5263157894736842,-0.4,-8.0
2021-09-26,Southampton,Wolves,0.0,1.0,A,76,75,77,76,78,79,80,78,-2,5,4,43,-21,0.3157894736842105,4.0,6.0,-2.0,0.0,5,3,45,-16,0.3157894736842105,2.0,5.0,-3.0,0.2,0,0,0,0,0,0,0,0,0.0,0.2,1,-2,-5,0.0,-0.2,1.0
2021-09-26,Arsenal,Tottenham,3.0,1.0,H,80,82,80,77,81,83,80,79,-1,5,6,61,16,0.4736842105263157,2.0,9.0,-7.0,0.4,5,9,62,23,0.4736842105263157,3.0,6.0,-3.0,0.6,0,0,0,0,0,0,0,0,0.4,0.6,-3,-1,-7,0.0,-0.19999999999999996,-4.0
2021-09-27,Crystal Palace,Brighton,1.0,1.0,D,76,76,76,75,76,77,75,76,0,5,5,44,-25,0.3157894736842105,5.0,8.0,-3.0,0.2,5,12,41,-6,0.2368421052631578,7.0,4.0,3.0,0.8,0,0,0,0,0,0,0,0,0.2,0.8,-7,3,-19,0.07894736842105271,-0.6000000000000001,-6.0
2021-10-02,Man United,Everton,1.0,1.0,D,83,85,83,81,78,78,78,77,5,6,13,74,29,0.5526315789473685,13.0,5.0,8.0,0.6666666666666666,6,13,59,-1,0.4473684210526316,12.0,7.0,5.0,0.6666666666666666,0,0,0,0,0,0,0,0,0.6,0.6,0,15,30,0.10526315789473689,0.0,3.0
2021-10-02,Burnley,Norwich,0.0,0.0,D,76,77,75,76,73,75,73,73,3,6,2,39,-22,0.2631578947368421,5.0,11.0,-6.0,0.0,6,0,-1,-1,0.0,2.0,16.0,-14.0,0.0,0,0,0,0,0,0,1,1,0.0,0.0,2,40,-21,0.2631578947368421,0.0,8.0
2021-10-02,Chelsea,Southampton,3.0,1.0,H,84,83,86,83,76,75,77,76,8,6,13,67,22,0.5,12.0,2.0,10.0,0.6666666666666666,6,4,43,-21,0.3157894736842105,4.0,7.0,-3.0,0.0,0,0,0,0,0,0,0,0,0.6,0.0,9,24,43,0.1842105263157895,0.6666666666666666,13.0
2021-10-02,Leeds,Watford,1.0,0.0,H,76,77,78,75,74,75,75,73,2,6,3,59,8,0.4736842105263157,6.0,14.0,-8.0,0.0,6,7,-1,-1,0.0,7.0,9.0,-2.0,0.3333333333333333,0,0,0,0,0,0,0,0,0.0,0.2,-4,60,9,0.4736842105263157,-0.3333333333333333,-6.0
2021-10-02,Wolves,Newcastle,2.0,1.0,H,78,79,80,78,77,77,77,77,1,6,6,45,-16,0.3157894736842105,3.0,5.0,-2.0,0.3333333333333333,6,3,45,-16,0.3157894736842105,7.0,14.0,-7.0,0.0,0,0,0,0,0,0,0,0,0.4,0.0,3,0,0,0.0,0.3333333333333333,5.0
2021-10-02,Brighton,Arsenal,0.0,0.0,D,76,77,75,76,80,82,80,77,-4,6,13,41,-6,0.2368421052631578,8.0,5.0,3.0,0.6666666666666666,6,9,61,16,0.4736842105263157,5.0,10.0,-5.0,0.5,0,0,0,0,1,0,0,0,0.6,0.6,4,-20,-22,-0.2368421052631579,0.16666666666666663,8.0
2021-10-03,Crystal Palace,Leicester,2.0,2.0,D,76,76,76,75,80,80,81,79,-4,6,6,44,-25,0.3157894736842105,6.0,9.0,-3.0,0.16666666666666666,6,7,66,18,0.5263157894736842,7.0,10.0,-3.0,0.3333333333333333,0,0,0,0,0,0,0,0,0.2,0.2,-1,-22,-43,-0.21052631578947367,-0.16666666666666666,0.0
2021-10-03,Tottenham,Aston Villa,2.0,1.0,H,81,83,80,79,78,79,78,79,3,6,9,62,23,0.4736842105263157,4.0,9.0,-5.0,0.5,6,10,55,9,0.4210526315789473,9.0,7.0,2.0,0.5,0,0,1,0,0,0,0,0,0.4,0.6,-1,7,14,0.05263157894736842,0.0,-7.0
2021-10-03,West Ham,Brentford,1.0,2.0,A,79,80,78,78,74,74,75,74,5,6,11,65,15,0.5,13.0,8.0,5.0,0.5,6,9,-1,-1,0.0,8.0,5.0,3.0,0.3333333333333333,0,0,0,0,0,0,0,0,0.4,0.2,2,66,16,0.5,0.16666666666666669,2.0
2021-10-03,Liverpool,Man City,2.0,2.0,D,85,86,84,85,85,84,87,86,0,6,14,69,26,0.5263157894736842,15.0,4.0,11.0,0.6666666666666666,6,13,86,51,0.7105263157894737,12.0,1.0,11.0,0.6666666666666666,0,0,0,0,0,0,0,0,0.6,0.8,1,-17,-25,-0.1842105263157895,0.0,0.0
2021-10-16,Watford,Liverpool,0.0,5.0,A,74,75,75,73,85,86,84,85,-11,7,7,-1,-1,0.0,7.0,10.0,-3.0,0.2857142857142857,7,15,69,26,0.5263157894736842,17.0,6.0,11.0,0.5714285714285714,0,0,0,0,0,0,0,0,0.2,0.4,-8,-70,-27,-0.5263157894736842,-0.2857142857142857,-14.0
2021-10-16,Aston Villa,Wolves,2.0,3.0,A,78,79,78,79,78,79,80,78,0,7,10,55,9,0.4210526315789473,10.0,9.0,1.0,0.42857142857142855,7,9,45,-16,0.3157894736842105,5.0,6.0,-1.0,0.42857142857142855,0,0,0,0,0,0,0,0,0.4,0.6,1,10,25,0.10526315789473678,0.0,2.0
2021-10-16,Leicester,Man United,4.0,2.0,H,80,80,81,79,83,85,83,81,-3,7,8,66,18,0.5263157894736842,9.0,12.0,-3.0,0.2857142857142857,7,14,74,29,0.5526315789473685,14.0,6.0,8.0,0.5714285714285714,0,0,0,0,0,0,0,0,0.2,0.6,-6,-8,-11,-0.026315789473684292,-0.2857142857142857,-11.0
2021-10-16,Man City,Burnley,2.0,0.0,H,85,84,87,86,76,77,75,76,9,7,14,86,51,0.7105263157894737,14.0,3.0,11.0,0.5714285714285714,7,3,39,-22,0.2631578947368421,5.0,11.0,-6.0,0.0,0,0,0,0,0,0,0,0,0.6,0.0,11,47,73,0.4473684210526316,0.5714285714285714,17.0
2021-10-16,Norwich,Brighton,0.0,0.0,D,73,75,73,73,76,77,75,76,-3,7,1,-1,-1,0.0,2.0,16.0,-14.0,0.0,7,14,41,-6,0.2368421052631578,8.0,5.0,3.0,0.5714285714285714,0,0,0,0,0,0,0,0,0.0,0.4,-13,-42,5,-0.2368421052631578,-0.5714285714285714,-17.0
2021-10-16,Southampton,Leeds,1.0,0.0,H,76,75,77,76,76,77,78,75,0,7,4,43,-21,0.3157894736842105,5.0,10.0,-5.0,0.0,7,6,59,8,0.4736842105263157,7.0,14.0,-7.0,0.14285714285714285,0,0,0,0,0,0,0,0,0.0,0.2,-2,-16,-29,-0.1578947368421052,-0.14285714285714285,2.0
2021-10-16,Brentford,Chelsea,0.0,1.0,A,74,74,75,74,84,83,86,83,-10,7,12,-1,-1,0.0,10.0,6.0,4.0,0.42857142857142855,7,16,67,22,0.5,15.0,3.0,12.0,0.7142857142857143,0,0,0,0,0,0,0,0,0.4,0.6,-4,-68,-23,-0.5,-0.28571428571428575,-8.0
2021-10-17,Everton,West Ham,0.0,1.0,A,78,78,78,77,79,80,78,78,-1,7,14,59,-1,0.4473684210526316,13.0,8.0,5.0,0.5714285714285714,7,11,65,15,0.5,14.0,10.0,4.0,0.42857142857142855,0,0,0,0,0,0,0,0,0.6,0.2,3,-6,-16,-0.05263157894736842,0.14285714285714285,1.0
2021-10-17,Newcastle,Tottenham,2.0,3.0,A,77,77,77,77,81,83,80,79,-4,7,3,45,-16,0.3157894736842105,8.0,16.0,-8.0,0.0,7,12,62,23,0.4736842105263157,6.0,10.0,-4.0,0.5714285714285714,0,0,0,0,0,0,0,0,0.0,0.4,-9,-17,-39,-0.1578947368421052,-0.5714285714285714,-4.0
2021-10-18,Arsenal,Crystal Palace,2.0,2.0,D,80,82,80,77,76,76,76,75,4,7,10,61,16,0.4736842105263157,5.0,10.0,-5.0,0.42857142857142855,7,7,44,-25,0.3157894736842105,8.0,11.0,-3.0,0.14285714285714285,0,0,0,0,0,0,0,0,0.6,0.2,3,17,41,0.1578947368421052,0.2857142857142857,-2.0
2021-10-22,Arsenal,Aston Villa,3.0,1.0,H,80,82,80,77,78,79,78,79,2,8,11,61,16,0.4736842105263157,7.0,12.0,-5.0,0.375,8,10,55,9,0.4210526315789473,12.0,12.0,0.0,0.375,0,0,0,0,0,0,0,0,0.6,0.4,1,6,7,0.05263157894736842,0.0,-5.0
2021-10-23,Chelsea,Norwich,7.0,0.0,H,84,83,86,83,73,75,73,73,11,8,19,67,22,0.5,16.0,3.0,13.0,0.75,8,2,-1,-1,0.0,2.0,16.0,-14.0,0.0,0,0,0,0,0,0,0,0,0.8,0.0,17,68,23,0.5,0.75,27.0
2021-10-23,Crystal Palace,Newcastle,1.0,1.0,D,76,76,76,75,77,77,77,77,-1,8,8,44,-25,0.3157894736842105,10.0,13.0,-3.0,0.125,8,3,45,-16,0.3157894736842105,10.0,19.0,-9.0,0.0,0,0,0,0,0,0,0,0,0.2,0.0,5,-1,-9,0.0,0.125,6.0
2021-10-23,Everton,Watford,2.0,5.0,A,78,78,78,77,74,75,75,73,4,8,14,59,-1,0.4473684210526316,13.0,9.0,4.0,0.5,8,7,-1,-1,0.0,7.0,15.0,-8.0,0.25,0,0,0,0,0,0,0,0,0.4,0.2,7,60,0,0.4473684210526316,0.25,12.0
2021-10-23,Leeds,Wolves,1.0,1.0,D,76,77,78,75,78,79,80,78,-2,8,6,59,8,0.4736842105263157,7.0,15.0,-8.0,0.125,8,12,45,-16,0.3157894736842105,8.0,8.0,0.0,0.5,0,0,0,0,1,0,0,0,0.2,0.8,-6,14,24,0.1578947368421052,-0.375,-8.0
2021-10-23,Southampton,Burnley,2.0,2.0,D,76,75,77,76,76,77,75,76,0,8,7,43,-21,0.3157894736842105,6.0,10.0,-4.0,0.125,8,3,39,-22,0.2631578947368421,5.0,13.0,-8.0,0.0,0,0,0,0,0,0,0,0,0.2,0.0,4,4,1,0.05263157894736842,0.125,4.0
2021-10-23,Brighton,Man City,1.0,4.0,A,76,77,75,76,85,84,87,86,-9,8,15,41,-6,0.2368421052631578,8.0,5.0,3.0,0.5,8,17,86,51,0.7105263157894737,16.0,3.0,13.0,0.625,0,0,0,0,0,0,0,0,0.4,0.6,-2,-45,-57,-0.4736842105263159,-0.125,-10.0
2021-10-24,Brentford,Leicester,1.0,2.0,A,74,74,75,74,80,80,81,79,-6,8,12,-1,-1,0.0,10.0,7.0,3.0,0.375,8,11,66,18,0.5263157894736842,13.0,14.0,-1.0,0.375,0,0,0,0,0,0,0,0,0.4,0.2,1,-67,-19,-0.5263157894736842,0.0,4.0
2021-10-24,West Ham,Tottenham,1.0,0.0,H,79,80,78,78,81,83,80,79,-2,8,14,65,15,0.5,15.0,10.0,5.0,0.5,8,15,62,23,0.4736842105263157,9.0,12.0,-3.0,0.625,0,0,0,0,0,0,0,0,0.4,0.4,-1,3,-8,0.026315789473684292,-0.125,8.0
2021-10-24,Man United,Liverpool,0.0,5.0,A,83,85,83,81,85,86,84,85,-2,8,14,74,29,0.5526315789473685,16.0,10.0,6.0,0.5,8,18,69,26,0.5263157894736842,22.0,6.0,16.0,0.625,0,0,0,0,0,0,0,0,0.4,0.6,-4,5,3,0.026315789473684292,-0.125,-10.0
2021-10-30,Leicester,Arsenal,0.0,2.0,A,80,80,81,79,80,82,80,77,0,9,14,66,18,0.5263157894736842,15.0,15.0,0.0,0.4444444444444444,9,14,61,16,0.4736842105263157,10.0,13.0,-3.0,0.4444444444444444,0,0,0,0,0,0,0,0,0.4,0.6,0,5,2,0.052631578947368474,0.0,3.0
2021-10-30,Burnley,Brentford,3.0,1.0,H,76,77,75,76,74,74,75,74,2,9,4,39,-22,0.2631578947368421,7.0,15.0,-8.0,0.0,9,12,-1,-1,0.0,11.0,9.0,2.0,0.3333333333333333,0,0,0,0,0,0,0,0,0.0,0.4,-8,40,-21,0.2631578947368421,-0.3333333333333333,-10.0
2021-10-30,Liverpool,Brighton,2.0,2.0,D,85,86,84,85,76,77,75,76,9,9,21,69,26,0.5263157894736842,27.0,6.0,21.0,0.6666666666666666,9,15,41,-6,0.2368421052631578,9.0,9.0,0.0,0.4444444444444444,0,0,0,0,0,0,0,0,0.6,0.2,6,28,32,0.2894736842105264,0.2222222222222222,21.0
2021-10-30,Man City,Crystal Palace,0.0,2.0,A,85,84,87,86,76,76,76,75,9,9,20,86,51,0.7105263157894737,20.0,4.0,16.0,0.6666666666666666,9,9,44,-25,0.3157894736842105,11.0,14.0,-3.0,0.1111111111111111,0,0,0,0,0,0,0,0,0.6,0.0,11,42,76,0.39473684210526316,0.5555555555555556,19.0
2021-10-30,Newcastle,Chelsea,0.0,3.0,A,77,77,77,77,84,83,86,83,-7,9,4,45,-16,0.3157894736842105,11.0,20.0,-9.0,0.0,9,22,67,22,0.5,23.0,3.0,20.0,0.7777777777777778,0,0,0,0,1,0,0,0,0.0,0.8,-18,-22,-38,-0.1842105263157895,-0.7777777777777778,-29.0
2021-10-30,Watford,Southampton,0.0,1.0,A,74,75,75,73,76,75,77,76,-2,9,10,-1,-1,0.0,12.0,17.0,-5.0,0.3333333333333333,9,8,43,-21,0.3157894736842105,8.0,12.0,-4.0,0.1111111111111111,0,0,0,0,0,0,0,0,0.4,0.2,2,-44,20,-0.3157894736842105,0.2222222222222222,-1.0
2021-10-30,Tottenham,Man United,0.0,3.0,A,81,83,80,79,83,85,83,81,-2,9,15,62,23,0.4736842105263157,9.0,13.0,-4.0,0.5555555555555556,9,14,74,29,0.5526315789473685,16.0,15.0,1.0,0.4444444444444444,0,0,0,0,0,0,0,0,0.4,0.2,1,-12,-6,-0.07894736842105277,0.11111111111111116,-5.0
2021-10-31,Norwich,Leeds,1.0,2.0,A,73,75,73,73,76,77,78,75,-3,9,2,-1,-1,0.0,2.0,23.0,-21.0,0.0,9,7,59,8,0.4736842105263157,8.0,16.0,-8.0,0.1111111111111111,0,0,0,0,0,0,0,0,0.0,0.2,-5,-60,-9,-0.4736842105263157,-0.1111111111111111,-13.0
2021-10-31,Aston Villa,West Ham,1.0,4.0,A,78,79,78,79,79,80,78,78,-1,9,10,55,9,0.4210526315789473,13.0,15.0,-2.0,0.3333333333333333,9,17,65,15,0.5,16.0,10.0,6.0,0.5555555555555556,0,0,1,0,0,0,0,0,0.4,0.6,-7,-10,-6,-0.07894736842105271,-0.22222222222222227,-8.0
2021-11-01,Wolves,Everton,2.0,1.0,H,78,79,80,78,78,78,78,77,0,9,13,45,-16,0.3157894736842105,9.0,9.0,0.0,0.4444444444444444,9,14,59,-1,0.4473684210526316,15.0,14.0,1.0,0.4444444444444444,0,0,0,0,0,0,0,0,0.6,0.2,-1,-14,-15,-0.13157894736842107,0.0,-1.0
2021-11-05,Southampton,Aston Villa,1.0,0.0,H,76,75,77,76,78,79,78,79,-2,10,11,43,-21,0.3157894736842105,9.0,12.0,-3.0,0.2,10,10,55,9,0.4210526315789473,14.0,19.0,-5.0,0.3,0,0,0,0,0,0,1,0,0.4,0.2,1,-12,-30,-0.10526315789473678,-0.09999999999999998,2.0
2021-11-06,Man United,Man City,0.0,2.0,A,83,85,83,81,85,84,87,86,-2,10,17,74,29,0.5526315789473685,19.0,15.0,4.0,0.5,10,20,86,51,0.7105263157894737,20.0,6.0,14.0,0.6,0,0,0,0,0,0,0,0,0.2,0.6,-3,-12,-22,-0.1578947368421052,-0.09999999999999998,-10.0
2021-11-06,Brentford,Norwich,1.0,2.0,A,74,74,75,74,73,75,73,73,1,10,12,-1,-1,0.0,12.0,12.0,0.0,0.3,10,2,-1,-1,0.0,3.0,25.0,-22.0,0.0,0,0,1,0,0,0,0,0,0.2,0.0,10,0,0,0.0,0.3,22.0
2021-11-06,Chelsea,Burnley,1.0,1.0,D,84,83,86,83,76,77,75,76,8,10,25,67,22,0.5,26.0,3.0,23.0,0.8,10,7,39,-22,0.2631578947368421,10.0,16.0,-6.0,0.1,1,0,0,0,0,0,0,0,0.8,0.2,18,28,44,0.2368421052631579,0.7000000000000001,29.0
2021-11-06,Crystal Palace,Wolves,2.0,0.0,H,76,76,76,75,78,79,80,78,-2,10,12,44,-25,0.3157894736842105,13.0,14.0,-1.0,0.2,10,16,45,-16,0.3157894736842105,11.0,10.0,1.0,0.5,0,0,0,0,0,0,0,0,0.2,0.8,-4,-1,-9,0.0,-0.3,-2.0
2021-11-06,Brighton,Newcastle,1.0,1.0,D,76,77,75,76,77,77,77,77,-1,10,16,41,-6,0.2368421052631578,11.0,11.0,0.0,0.4,10,4,45,-16,0.3157894736842105,11.0,23.0,-12.0,0.0,0,0,0,0,0,0,0,0,0.0,0.0,12,-4,10,-0.07894736842105271,0.4,12.0
2021-11-07,Arsenal,Watford,1.0,0.0,H,80,82,80,77,74,75,75,73,6,10,17,61,16,0.4736842105263157,12.0,13.0,-1.0,0.5,10,10,-1,-1,0.0,12.0,18.0,-6.0,0.3,0,0,0,0,0,0,0,0,0.6,0.2,7,62,17,0.4736842105263157,0.2,5.0
2021-11-07,Everton,Tottenham,0.0,0.0,D,78,78,78,77,81,83,80,79,-3,10,14,59,-1,0.4473684210526316,16.0,16.0,0.0,0.4,10,15,62,23,0.4736842105263157,9.0,16.0,-7.0,0.5,0,0,1,0,0,0,0,0,0.2,0.4,-1,-3,-24,-0.026315789473684126,-0.09999999999999998,7.0
2021-11-07,Leeds,Leicester,1.0,1.0,D,76,77,78,75,80,80,81,79,-4,10,10,59,8,0.4736842105263157,10.0,17.0,-7.0,0.2,10,14,66,18,0.5263157894736842,15.0,17.0,-2.0,0.4,0,0,0,0,0,0,0,0,0.4,0.4,-4,-7,-10,-0.052631578947368474,-0.2,-5.0
2021-11-07,West Ham,Liverpool,3.0,2.0,H,79,80,78,78,85,86,84,85,-6,10,20,65,15,0.5,20.0,11.0,9.0,0.6,10,22,69,26,0.5263157894736842,29.0,8.0,21.0,0.6,1,0,0,0,0,0,0,0,0.8,0.4,-2,-4,-11,-0.02631578947368418,0.0,-12.0
2021-11-20,Leicester,Chelsea,0.0,3.0,A,80,80,81,79,84,83,86,83,-4,11,15,66,18,0.5263157894736842,16.0,18.0,-2.0,0.36363636363636365,11,26,67,22,0.5,27.0,4.0,23.0,0.7272727272727273,0,0,0,0,0,0,0,0,0.4,0.8,-11,-1,-4,0.02631578947368418,-0.36363636363636365,-25.0
2021-11-20,Aston Villa,Brighton,2.0,0.0,H,78,79,78,79,76,77,75,76,2,11,10,55,9,0.4210526315789473,14.0,20.0,-6.0,0.2727272727272727,11,17,41,-6,0.2368421052631578,12.0,12.0,0.0,0.36363636363636365,0,0,1,1,0,0,0,0,0.0,0.0,-7,14,15,0.1842105263157895,-0.09090909090909094,-6.0
2021-11-20,Burnley,Crystal Palace,3.0,3.0,D,76,77,75,76,76,76,76,75,0,11,8,39,-22,0.2631578947368421,11.0,17.0,-6.0,0.09090909090909091,11,15,44,-25,0.3157894736842105,15.0,14.0,1.0,0.2727272727272727,0,0,0,0,0,0,0,0,0.2,0.4,-7,-5,3,-0.05263157894736842,-0.1818181818181818,-7.0
2021-11-20,Newcastle,Brentford,3.0,3.0,D,77,77,77,77,74,74,75,74,3,11,5,45,-16,0.3157894736842105,12.0,24.0,-12.0,0.0,11,12,-1,-1,0.0,13.0,14.0,-1.0,0.2727272727272727,0,0,0,0,0,0,1,0,0.0,0.2,-7,46,-15,0.3157894736842105,-0.2727272727272727,-11.0
2021-11-20,Norwich,Southampton,2.0,1.0,H,73,75,73,73,76,75,77,76,-3,11,5,-1,-1,0.0,5.0,26.0,-21.0,0.09090909090909091,11,14,43,-21,0.3157894736842105,10.0,12.0,-2.0,0.2727272727272727,0,0,0,0,0,0,0,0,0.2,0.6,-9,-44,20,-0.3157894736842105,-0.1818181818181818,-19.0
2021-11-20,Watford,Man United,4.0,1.0,H,74,75,75,73,83,85,83,81,-9,11,10,-1,-1,0.0,12.0,19.0,-7.0,0.2727272727272727,11,17,74,29,0.5526315789473685,19.0,17.0,2.0,0.45454545454545453,0,0,0,0,0,0,0,0,0.2,0.2,-7,-75,-30,-0.5526315789473685,-0.18181818181818182,-9.0
2021-11-20,Wolves,West Ham,1.0,0.0,H,78,79,80,78,79,80,78,78,-1,11,16,45,-16,0.3157894736842105,11.0,12.0,-1.0,0.45454545454545453,11,23,65,15,0.5,23.0,13.0,10.0,0.6363636363636364,0,0,0,0,1,0,0,0,0.6,0.8,-7,-20,-31,-0.1842105263157895,-0.18181818181818182,-11.0
2021-11-20,Liverpool,Arsenal,4.0,0.0,H,85,86,84,85,80,82,80,77,5,11,22,69,26,0.5263157894736842,31.0,11.0,20.0,0.5454545454545454,11,20,61,16,0.4736842105263157,13.0,13.0,0.0,0.5454545454545454,0,0,0,0,1,0,0,0,0.4,0.6,2,8,10,0.052631578947368474,0.0,20.0
2021-11-21,Man City,Everton,3.0,0.0,H,85,84,87,86,78,78,78,77,7,11,23,86,51,0.7105263157894737,22.0,6.0,16.0,0.6363636363636364,11,15,59,-1,0.4473684210526316,16.0,16.0,0.0,0.36363636363636365,0,0,0,0,0,0,0,0,0.6,0.0,8,27,52,0.2631578947368421,0.2727272727272727,16.0
2021-11-21,Tottenham,Leeds,2.0,1.0,H,81,83,80,79,76,77,78,75,5,11,16,62,23,0.4736842105263157,9.0,16.0,-7.0,0.45454545454545453,11,11,59,8,0.4736842105263157,11.0,18.0,-7.0,0.18181818181818182,0,0,0,0,0,0,0,0,0.4,0.4,5,3,15,0.0,0.2727272727272727,0.0
2021-11-27,Arsenal,Newcastle,2.0,0.0,H,80,82,80,77,77,77,77,77,3,12,20,61,16,0.4736842105263157,13.0,17.0,-4.0,0.5,12,6,45,-16,0.3157894736842105,15.0,27.0,-12.0,0.0,0,0,0,0,0,0,0,0,0.6,0.0,14,16,32,0.1578947368421052,0.5,8.0
2021-11-27,Crystal Palace,Aston Villa,1.0,2.0,A,76,76,76,75,78,79,78,79,-2,12,16,44,-25,0.3157894736842105,18.0,17.0,1.0,0.25,12,13,55,9,0.4210526315789473,16.0,20.0,-4.0,0.3333333333333333,0,0,0,0,0,0,0,0,0.4,0.2,3,-11,-34,-0.10526315789473678,-0.08333333333333331,5.0
2021-11-27,Liverpool,Southampton,4.0,0.0,H,85,86,84,85,76,75,77,76,9,12,25,69,26,0.5263157894736842,35.0,11.0,24.0,0.5833333333333334,12,14,43,-21,0.3157894736842105,11.0,14.0,-3.0,0.25,0,0,0,0,0,0,0,0,0.6,0.6,11,26,47,0.21052631578947367,0.33333333333333337,27.0
2021-11-27,Norwich,Wolves,0.0,0.0,D,73,75,73,73,78,79,80,78,-5,12,8,-1,-1,0.0,7.0,27.0,-20.0,0.16666666666666666,12,19,45,-16,0.3157894736842105,12.0,12.0,0.0,0.5,0,0,0,0,0,0,0,0,0.4,0.6,-11,-46,15,-0.3157894736842105,-0.33333333333333337,-20.0
2021-11-27,Brighton,Leeds,0.0,0.0,D,76,77,75,76,76,77,78,75,0,12,17,41,-6,0.2368421052631578,12.0,14.0,-2.0,0.3333333333333333,12,11,59,8,0.4736842105263157,12.0,20.0,-8.0,0.16666666666666666,0,0,0,0,0,0,0,0,0.0,0.2,6,-18,-14,-0.2368421052631579,0.16666666666666666,6.0
2021-11-28,Brentford,Everton,1.0,0.0,H,74,74,75,74,78,78,78,77,-4,12,13,-1,-1,0.0,16.0,17.0,-1.0,0.25,12,15,59,-1,0.4473684210526316,16.0,19.0,-3.0,0.3333333333333333,0,0,0,0,0,0,0,0,0.0,0.0,-2,-60,0,-0.4473684210526316,-0.08333333333333331,2.0
2021-11-28,Leicester,Watford,4.0,2.0,H,80,80,81,79,74,75,75,73,6,12,15,66,18,0.5263157894736842,16.0,21.0,-5.0,0.3333333333333333,12,13,-1,-1,0.0,16.0,20.0,-4.0,0.3333333333333333,0,0,0,0,0,0,0,0,0.4,0.4,2,67,19,0.5263157894736842,0.0,-1.0
2021-11-28,Man City,West Ham,2.0,1.0,H,85,84,87,86,79,80,78,78,6,12,26,86,51,0.7105263157894737,25.0,6.0,19.0,0.6666666666666666,12,23,65,15,0.5,23.0,14.0,9.0,0.5833333333333334,0,0,0,0,0,0,0,0,0.8,0.8,3,21,36,0.21052631578947367,0.08333333333333326,10.0
2021-11-28,Chelsea,Man United,1.0,1.0,D,84,83,86,83,83,85,83,81,1,12,29,67,22,0.5,30.0,4.0,26.0,0.75,12,17,74,29,0.5526315789473685,20.0,21.0,-1.0,0.4166666666666667,0,0,0,0,0,0,0,0,0.8,0.2,12,-7,-7,-0.052631578947368474,0.3333333333333333,27.0
2021-11-30,Newcastle,Norwich,1.0,1.0,D,77,77,77,77,73,75,73,73,4,13,6,45,-16,0.3157894736842105,15.0,29.0,-14.0,0.0,13,9,-1,-1,0.0,7.0,27.0,-20.0,0.15384615384615385,0,0,0,0,0,0,0,0,0.0,0.4,-3,46,-15,0.3157894736842105,-0.15384615384615385,6.0
2021-11-30,Leeds,Crystal Palace,1.0,0.0,H,76,77,78,75,76,76,76,75,0,13,12,59,8,0.4736842105263157,12.0,20.0,-8.0,0.15384615384615385,13,16,44,-25,0.3157894736842105,19.0,19.0,0.0,0.23076923076923078,0,0,0,0,0,0,0,0,0.2,0.4,-4,15,33,0.1578947368421052,-0.07692307692307693,-8.0
2021-12-01,Southampton,Leicester,2.0,2.0,D,76,75,77,76,80,80,81,79,-4,13,14,43,-21,0.3157894736842105,11.0,18.0,-7.0,0.23076923076923078,13,18,66,18,0.5263157894736842,20.0,23.0,-3.0,0.38461538461538464,0,0,0,0,0,0,0,0,0.4,0.4,-4,-23,-39,-0.21052631578947367,-0.15384615384615385,-4.0
2021-12-01,Watford,Chelsea,1.0,2.0,A,74,75,75,73,84,83,86,83,-10,13,13,-1,-1,0.0,18.0,24.0,-6.0,0.3076923076923077,13,30,67,22,0.5,31.0,5.0,26.0,0.6923076923076923,0,0,0,0,0,0,0,0,0.4,0.6,-17,-68,-23,-0.5,-0.3846153846153846,-32.0
2021-12-01,West Ham,Brighton,1.0,1.0,D,79,80,78,78,76,77,75,76,3,13,23,65,15,0.5,24.0,16.0,8.0,0.5384615384615384,13,18,41,-6,0.2368421052631578,12.0,14.0,-2.0,0.3076923076923077,0,0,0,0,0,0,0,0,0.6,0.0,5,24,21,0.2631578947368422,0.23076923076923073,10.0
2021-12-01,Wolves,Burnley,0.0,0.0,D,78,79,80,78,76,77,75,76,2,13,20,45,-16,0.3157894736842105,12.0,12.0,0.0,0.46153846153846156,12,9,39,-22,0.2631578947368421,14.0,20.0,-6.0,0.08333333333333333,0,0,0,0,0,0,0,0,0.4,0.2,11,6,6,0.05263157894736842,0.37820512820512825,6.0
2021-12-01,Aston Villa,Man City,1.0,2.0,A,78,79,78,79,85,84,87,86,-7,13,16,55,9,0.4210526315789473,18.0,21.0,-3.0,0.38461538461538464,13,29,86,51,0.7105263157894737,27.0,7.0,20.0,0.6923076923076923,0,0,0,0,1,0,0,0,0.4,0.8,-13,-31,-42,-0.2894736842105264,-0.30769230769230765,-23.0
2021-12-01,Everton,Liverpool,1.0,4.0,A,78,78,78,77,85,86,84,85,-7,13,15,59,-1,0.4473684210526316,16.0,20.0,-4.0,0.3076923076923077,13,28,69,26,0.5263157894736842,39.0,11.0,28.0,0.6153846153846154,0,0,0,0,0,0,0,0,0.0,0.6,-13,-10,-27,-0.0789473684210526,-0.3076923076923077,-32.0
2021-12-02,Tottenham,Brentford,2.0,0.0,H,81,83,80,79,74,74,75,74,7,12,19,62,23,0.4736842105263157,11.0,17.0,-6.0,0.5,13,16,-1,-1,0.0,17.0,17.0,0.0,0.3076923076923077,0,0,0,0,0,0,0,0,0.4,0.2,3,63,24,0.4736842105263157,0.1923076923076923,-6.0
2021-12-02,Man United,Arsenal,3.0,2.0,H,83,85,83,81,80,82,80,77,3,13,18,74,29,0.5526315789473685,21.0,22.0,-1.0,0.38461538461538464,13,23,61,16,0.4736842105263157,15.0,17.0,-2.0,0.5384615384615384,0,0,0,0,0,0,0,0,0.2,0.8,-5,13,13,0.07894736842105277,-0.1538461538461538,1.0
2021-12-04,West Ham,Chelsea,3.0,2.0,H,79,80,78,78,84,83,86,83,-5,14,24,65,15,0.5,25.0,17.0,8.0,0.5,14,33,67,22,0.5,33.0,6.0,27.0,0.7142857142857143,0,0,0,0,0,0,0,0,0.4,0.6,-9,-2,-7,0.0,-0.2142857142857143,-19.0
2021-12-04,Newcastle,Burnley,1.0,0.0,H,77,77,77,77,76,77,75,76,1,14,7,45,-16,0.3157894736842105,16.0,30.0,-14.0,0.0,13,10,39,-22,0.2631578947368421,14.0,20.0,-6.0,0.07692307692307693,0,0,0,0,0,0,0,0,0.0,0.2,-3,6,6,0.05263157894736842,-0.07692307692307693,-8.0
2021-12-04,Southampton,Brighton,1.0,1.0,D,76,75,77,76,76,77,75,76,0,14,15,43,-21,0.3157894736842105,13.0,20.0,-7.0,0.21428571428571427,14,19,41,-6,0.2368421052631578,13.0,15.0,-2.0,0.2857142857142857,0,0,0,0,0,0,0,0,0.4,0.0,-4,2,-15,0.07894736842105271,-0.07142857142857142,-5.0
2021-12-04,Wolves,Liverpool,0.0,1.0,A,78,79,80,78,85,86,84,85,-7,14,21,45,-16,0.3157894736842105,12.0,12.0,0.0,0.42857142857142855,14,31,69,26,0.5263157894736842,43.0,12.0,31.0,0.6428571428571429,0,0,0,0,1,0,0,0,0.4,0.6,-10,-24,-42,-0.21052631578947367,-0.21428571428571436,-31.0
2021-12-04,Watford,Man City,1.0,3.0,A,74,75,75,73,85,84,87,86,-11,14,13,-1,-1,0.0,19.0,26.0,-7.0,0.2857142857142857,14,32,86,51,0.7105263157894737,29.0,8.0,21.0,0.7142857142857143,0,0,0,0,1,0,0,0,0.2,0.8,-19,-87,-52,-0.7105263157894737,-0.4285714285714286,-28.0
2021-12-05,Leeds,Brentford,2.0,2.0,D,76,77,78,75,74,74,75,74,2,14,15,59,8,0.4736842105263157,13.0,20.0,-7.0,0.21428571428571427,14,16,-1,-1,0.0,17.0,19.0,-2.0,0.2857142857142857,0,0,0,0,0,0,0,0,0.4,0.2,-1,60,9,0.4736842105263157,-0.07142857142857142,-5.0
2021-12-05,Man United,Crystal Palace,1.0,0.0,H,83,85,83,81,76,76,76,75,7,14,21,74,29,0.5526315789473685,24.0,24.0,0.0,0.42857142857142855,14,16,44,-25,0.3157894736842105,19.0,20.0,-1.0,0.21428571428571427,0,0,0,0,0,0,0,0,0.4,0.4,5,30,54,0.23684210526315796,0.21428571428571427,1.0
2021-12-05,Tottenham,Norwich,3.0,0.0,H,81,83,80,79,73,75,73,73,8,13,22,62,23,0.4736842105263157,13.0,17.0,-4.0,0.5384615384615384,14,10,-1,-1,0.0,8.0,28.0,-20.0,0.14285714285714285,0,0,0,0,0,0,0,0,0.4,0.4,12,63,24,0.4736842105263157,0.3956043956043956,16.0
2021-12-05,Aston Villa,Leicester,2.0,1.0,H,78,79,78,79,80,80,81,79,-2,14,16,55,9,0.4210526315789473,19.0,23.0,-4.0,0.35714285714285715,14,19,66,18,0.5263157894736842,22.0,25.0,-3.0,0.35714285714285715,0,0,0,0,0,0,0,0,0.4,0.2,-3,-11,-9,-0.10526315789473689,0.0,-1.0
2021-12-06,Everton,Arsenal,2.0,1.0,H,78,78,78,77,80,82,80,77,-2,14,15,59,-1,0.4473684210526316,17.0,24.0,-7.0,0.2857142857142857,14,23,61,16,0.4736842105263157,17.0,20.0,-3.0,0.5,0,0,1,0,0,0,0,0,0.0,0.6,-8,-2,-17,-0.026315789473684126,-0.2142857142857143,-4.0
2021-12-10,Brentford,Watford,2.0,1.0,H,74,74,75,74,74,75,75,73,0,15,17,-1,-1,0.0,19.0,21.0,-2.0,0.26666666666666666,15,13,-1,-1,0.0,20.0,29.0,-9.0,0.26666666666666666,0,0,0,0,0,0,1,0,0.2,0.2,4,0,0,0.0,0.0,7.0
2021-12-11,Man City,Wolves,1.0,0.0,H,85,84,87,86,78,79,80,78,7,15,35,86,51,0.7105263157894737,32.0,9.0,23.0,0.7333333333333333,15,21,45,-16,0.3157894736842105,12.0,13.0,-1.0,0.4,1,1,0,0,0,0,0,0,1.0,0.2,14,41,67,0.39473684210526316,0.33333333333333326,24.0
2021-12-11,Arsenal,Southampton,3.0,0.0,H,80,82,80,77,76,75,77,76,4,15,23,61,16,0.4736842105263157,18.0,22.0,-4.0,0.4666666666666667,15,16,43,-21,0.3157894736842105,14.0,21.0,-7.0,0.2,0,0,0,0,0,0,0,0,0.4,0.2,7,18,37,0.1578947368421052,0.26666666666666666,3.0
2021-12-11,Chelsea,Leeds,3.0,2.0,H,84,83,86,83,76,77,78,75,8,15,33,67,22,0.5,35.0,9.0,26.0,0.6666666666666666,15,16,59,8,0.4736842105263157,15.0,22.0,-7.0,0.2,0,0,0,0,0,0,0,0,0.4,0.2,17,8,14,0.026315789473684292,0.4666666666666666,33.0
2021-12-11,Liverpool,Aston Villa,1.0,0.0,H,85,86,84,85,78,79,78,79,7,15,34,69,26,0.5263157894736842,44.0,12.0,32.0,0.6666666666666666,15,19,55,9,0.4210526315789473,21.0,24.0,-3.0,0.4,1,0,0,0,0,0,0,0,0.8,0.6,15,14,17,0.10526315789473689,0.2666666666666666,35.0
2021-12-11,Norwich,Man United,0.0,1.0,A,73,75,73,73,83,85,83,81,-10,15,10,-1,-1,0.0,8.0,31.0,-23.0,0.13333333333333333,15,24,74,29,0.5526315789473685,25.0,24.0,1.0,0.4666666666666667,0,0,0,0,0,0,0,0,0.4,0.4,-14,-75,-30,-0.5526315789473685,-0.33333333333333337,-24.0
2021-12-12,Burnley,West Ham,0.0,0.0,D,76,77,75,76,79,80,78,78,-3,14,10,39,-22,0.2631578947368421,14.0,21.0,-7.0,0.07142857142857142,15,27,65,15,0.5,28.0,19.0,9.0,0.5333333333333333,0,0,0,0,0,0,0,0,0.2,0.4,-17,-26,-37,-0.2368421052631579,-0.46190476190476193,-16.0
2021-12-12,Leicester,Newcastle,4.0,0.0,H,80,80,81,79,77,77,77,77,3,15,19,66,18,0.5263157894736842,23.0,27.0,-4.0,0.3333333333333333,15,10,45,-16,0.3157894736842105,17.0,30.0,-13.0,0.06666666666666667,0,0,0,0,0,0,0,0,0.2,0.2,9,21,34,0.21052631578947367,0.26666666666666666,9.0
2021-12-12,Crystal Palace,Everton,3.0,1.0,H,76,76,76,75,78,78,78,77,-2,15,16,44,-25,0.3157894736842105,19.0,21.0,-2.0,0.2,15,18,59,-1,0.4473684210526316,19.0,25.0,-6.0,0.3333333333333333,0,0,1,0,0,0,0,0,0.2,0.2,-2,-15,-24,-0.13157894736842107,-0.1333333333333333,4.0
2021-12-14,Norwich,Aston Villa,0.0,2.0,A,73,75,73,73,78,79,78,79,-5,16,10,-1,-1,0.0,8.0,32.0,-24.0,0.125,16,19,55,9,0.4210526315789473,21.0,25.0,-4.0,0.375,0,0,0,0,0,0,0,0,0.2,0.6,-9,-56,-10,-0.4210526315789473,-0.25,-20.0
2021-12-14,Man City,Leeds,7.0,0.0,H,85,84,87,86,76,77,78,75,9,16,38,86,51,0.7105263157894737,33.0,9.0,24.0,0.75,16,16,59,8,0.4736842105263157,17.0,25.0,-8.0,0.1875,1,1,0,0,0,0,0,0,1.0,0.2,22,27,43,0.23684210526315796,0.5625,32.0
2021-12-15,Brighton,Wolves,0.0,1.0,A,76,77,75,76,78,79,80,78,-2,15,20,41,-6,0.2368421052631578,14.0,16.0,-2.0,0.26666666666666666,16,21,45,-16,0.3157894736842105,12.0,14.0,-2.0,0.375,0,0,0,0,0,0,0,0,0.0,0.2,-1,-4,10,-0.07894736842105271,-0.10833333333333334,0.0
2021-12-15,Crystal Palace,Southampton,2.0,2.0,D,76,76,76,75,76,75,77,76,0,16,19,44,-25,0.3157894736842105,22.0,22.0,0.0,0.25,16,16,43,-21,0.3157894736842105,14.0,24.0,-10.0,0.1875,0,0,0,0,0,0,0,0,0.2,0.0,3,1,-4,0.0,0.0625,10.0
2021-12-15,Arsenal,West Ham,2.0,0.0,H,80,82,80,77,79,80,78,78,1,16,26,61,16,0.4736842105263157,21.0,22.0,-1.0,0.5,16,28,65,15,0.5,28.0,19.0,9.0,0.5,0,0,0,0,0,0,0,0,0.4,0.2,-2,-4,1,-0.026315789473684292,0.0,-10.0
2021-12-16,Chelsea,Everton,1.0,1.0,D,84,83,86,83,78,78,78,77,6,16,36,67,22,0.5,38.0,11.0,27.0,0.6875,16,18,59,-1,0.4473684210526316,20.0,28.0,-8.0,0.3125,0,0,0,0,0,0,0,0,0.6,0.2,18,8,23,0.05263157894736842,0.375,35.0
2021-12-16,Liverpool,Newcastle,3.0,1.0,H,85,86,84,85,77,77,77,77,8,16,37,69,26,0.5263157894736842,45.0,12.0,33.0,0.6875,16,10,45,-16,0.3157894736842105,17.0,34.0,-17.0,0.0625,1,1,0,0,0,0,0,0,1.0,0.2,27,24,42,0.21052631578947367,0.625,50.0
2021-12-18,Leeds,Arsenal,1.0,4.0,A,76,77,78,75,80,82,80,77,-4,17,16,59,8,0.4736842105263157,17.0,32.0,-15.0,0.17647058823529413,17,29,61,16,0.4736842105263157,23.0,22.0,1.0,0.5294117647058824,0,0,0,0,0,0,0,0,0.2,0.6,-13,-2,-8,0.0,-0.3529411764705882,-16.0
2021-12-19,Newcastle,Man City,0.0,4.0,A,77,77,77,77,85,84,87,86,-8,17,10,45,-16,0.3157894736842105,18.0,37.0,-19.0,0.058823529411764705,17,41,86,51,0.7105263157894737,40.0,9.0,31.0,0.7647058823529411,0,0,0,0,1,1,0,0,0.2,1.0,-31,-41,-67,-0.39473684210526316,-0.7058823529411764,-50.0
2021-12-19,Wolves,Chelsea,0.0,0.0,D,78,79,80,78,84,83,86,83,-6,17,24,45,-16,0.3157894736842105,13.0,14.0,-1.0,0.4117647058823529,17,37,67,22,0.5,39.0,12.0,27.0,0.6470588235294118,0,0,0,0,0,0,0,0,0.2,0.4,-13,-22,-38,-0.1842105263157895,-0.23529411764705888,-28.0
2021-12-19,Tottenham,Liverpool,2.0,2.0,D,81,83,80,79,85,86,84,85,-4,14,25,62,23,0.4736842105263157,16.0,17.0,-1.0,0.5714285714285714,17,40,69,26,0.5263157894736842,48.0,13.0,35.0,0.7058823529411765,1,0,0,0,1,1,0,0,0.6,1.0,-15,-7,-3,-0.052631578947368474,-0.13445378151260512,-36.0
2021-12-26,Man City,Leicester,6.0,3.0,H,85,84,87,86,80,80,81,79,5,18,44,86,51,0.7105263157894737,44.0,9.0,35.0,0.7777777777777778,16,22,66,18,0.5263157894736842,27.0,27.0,0.0,0.375,1,1,0,0,0,0,0,0,1.0,0.4,22,20,33,0.1842105263157895,0.4027777777777778,35.0
2021-12-26,Norwich,Arsenal,0.0,5.0,A,73,75,73,73,80,82,80,77,-7,17,10,-1,-1,0.0,8.0,34.0,-26.0,0.11764705882352941,18,32,61,16,0.4736842105263157,27.0,23.0,4.0,0.5555555555555556,0,0,1,0,1,0,0,0,0.0,0.6,-22,-62,-17,-0.4736842105263157,-0.43790849673202614,-30.0
2021-12-26,Tottenham,Crystal Palace,3.0,0.0,H,81,83,80,79,76,76,76,75,5,15,26,62,23,0.4736842105263157,18.0,19.0,-1.0,0.5333333333333333,17,20,44,-25,0.3157894736842105,24.0,24.0,0.0,0.23529411764705882,0,0,0,0,0,0,0,0,0.6,0.2,6,18,48,0.1578947368421052,0.2980392156862745,-1.0
2021-12-26,West Ham,Southampton,2.0,3.0,A,79,80,78,78,76,75,77,76,3,17,28,65,15,0.5,28.0,21.0,7.0,0.47058823529411764,17,17,43,-21,0.3157894736842105,16.0,26.0,-10.0,0.17647058823529413,0,0,0,0,0,0,0,0,0.2,0.0,11,22,36,0.1842105263157895,0.2941176470588235,17.0
2021-12-26,Aston Villa,Chelsea,1.0,3.0,A,78,79,78,79,84,83,86,83,-6,17,22,55,9,0.4210526315789473,23.0,25.0,-2.0,0.4117647058823529,18,38,67,22,0.5,39.0,12.0,27.0,0.6111111111111112,0,0,0,0,0,0,0,0,0.6,0.4,-16,-12,-13,-0.07894736842105271,-0.19934640522875824,-29.0
2021-12-26,Brighton,Brentford,2.0,0.0,H,76,77,75,76,74,74,75,74,2,16,20,41,-6,0.2368421052631578,14.0,17.0,-3.0,0.25,16,20,-1,-1,0.0,21.0,22.0,-1.0,0.3125,0,0,0,0,0,0,0,0,0.0,0.4,0,42,-5,0.2368421052631578,-0.0625,-2.0
2021-12-27,Newcastle,Man United,1.0,1.0,D,77,77,77,77,83,85,83,81,-6,18,10,45,-16,0.3157894736842105,18.0,41.0,-23.0,0.05555555555555555,16,27,74,29,0.5526315789473685,26.0,24.0,2.0,0.5,0,0,1,0,1,0,0,0,0.2,0.6,-17,-29,-45,-0.23684210526315796,-0.4444444444444444,-25.0
2021-12-28,Crystal Palace,Norwich,3.0,0.0,H,76,76,76,75,73,75,73,73,3,18,20,44,-25,0.3157894736842105,24.0,27.0,-3.0,0.2222222222222222,18,10,-1,-1,0.0,8.0,39.0,-31.0,0.1111111111111111,0,0,0,0,0,0,1,0,0.2,0.0,10,45,-24,0.3157894736842105,0.1111111111111111,28.0
2021-12-28,Southampton,Tottenham,1.0,1.0,D,76,75,77,76,81,83,80,79,-5,18,20,43,-21,0.3157894736842105,19.0,28.0,-9.0,0.2222222222222222,16,29,62,23,0.4736842105263157,21.0,19.0,2.0,0.5625,0,0,0,0,0,0,0,0,0.2,0.8,-9,-19,-44,-0.1578947368421052,-0.3402777777777778,-11.0
2021-12-28,Watford,West Ham,1.0,4.0,A,74,75,75,73,79,80,78,78,-5,16,13,-1,-1,0.0,21.0,31.0,-10.0,0.25,18,28,65,15,0.5,30.0,24.0,6.0,0.4444444444444444,0,0,1,0,0,0,0,0,0.2,0.2,-15,-66,-16,-0.5,-0.19444444444444442,-16.0
2021-12-28,Leicester,Liverpool,1.0,0.0,H,80,80,81,79,85,86,84,85,-5,17,22,66,18,0.5263157894736842,30.0,33.0,-3.0,0.35294117647058826,18,41,69,26,0.5263157894736842,50.0,15.0,35.0,0.6666666666666666,0,0,0,0,0,0,0,0,0.4,0.8,-19,-3,-8,0.0,-0.31372549019607837,-38.0
2021-12-29,Chelsea,Brighton,1.0,1.0,D,84,83,86,83,76,77,75,76,8,19,41,67,22,0.5,42.0,13.0,29.0,0.631578947368421,17,23,41,-6,0.2368421052631578,16.0,17.0,-1.0,0.29411764705882354,0,0,0,0,0,0,0,0,0.4,0.2,18,26,28,0.2631578947368422,0.3374613003095975,30.0
2021-12-29,Brentford,Man City,0.0,1.0,A,74,74,75,74,85,84,87,86,-11,17,20,-1,-1,0.0,21.0,24.0,-3.0,0.29411764705882354,19,47,86,51,0.7105263157894737,50.0,12.0,38.0,0.7894736842105263,0,0,0,0,1,1,0,0,0.4,1.0,-27,-87,-52,-0.7105263157894737,-0.4953560371517028,-41.0
2021-12-30,Man United,Burnley,3.0,1.0,H,83,85,83,81,76,77,75,76,7,17,28,74,29,0.5526315789473685,27.0,25.0,2.0,0.47058823529411764,15,11,39,-22,0.2631578947368421,14.0,21.0,-7.0,0.06666666666666667,0,0,0,0,0,0,0,0,0.6,0.0,17,35,51,0.2894736842105264,0.403921568627451,9.0
2022-01-01,Arsenal,Man City,1.0,2.0,A,80,82,80,77,85,84,87,86,-5,19,35,61,16,0.4736842105263157,32.0,23.0,9.0,0.5789473684210527,20,50,86,51,0.7105263157894737,51.0,12.0,39.0,0.8,1,0,0,0,1,1,0,0,0.8,1.0,-15,-25,-35,-0.23684210526315796,-0.2210526315789474,-30.0
2022-01-01,Watford,Tottenham,0.0,1.0,A,74,75,75,73,81,83,80,79,-7,17,13,-1,-1,0.0,22.0,35.0,-13.0,0.23529411764705882,17,30,62,23,0.4736842105263157,22.0,20.0,2.0,0.5294117647058824,0,0,1,1,0,0,0,0,0.0,0.6,-17,-63,-24,-0.4736842105263157,-0.29411764705882354,-15.0
2022-01-01,Crystal Palace,West Ham,2.0,3.0,A,76,76,76,75,79,80,78,78,-3,19,23,44,-25,0.3157894736842105,27.0,27.0,0.0,0.2631578947368421,19,31,65,15,0.5,34.0,25.0,9.0,0.47368421052631576,0,0,0,0,0,0,0,0,0.4,0.4,-8,-21,-40,-0.1842105263157895,-0.21052631578947367,-9.0
2022-01-02,Brentford,Aston Villa,2.0,1.0,H,74,74,75,74,78,79,78,79,-4,18,20,-1,-1,0.0,21.0,25.0,-4.0,0.2777777777777778,18,22,55,9,0.4210526315789473,24.0,28.0,-4.0,0.3888888888888889,0,0,0,0,0,0,0,0,0.2,0.4,-2,-56,-10,-0.4210526315789473,-0.1111111111111111,0.0
2022-01-02,Everton,Brighton,2.0,3.0,A,78,78,78,77,76,77,75,76,2,17,19,59,-1,0.4473684210526316,21.0,29.0,-8.0,0.29411764705882354,18,24,41,-6,0.2368421052631578,17.0,18.0,-1.0,0.2777777777777778,0,0,0,0,0,0,0,0,0.2,0.2,-5,18,5,0.21052631578947378,0.01633986928104575,-7.0
2022-01-02,Leeds,Burnley,3.0,1.0,H,76,77,78,75,76,77,75,76,0,18,16,59,8,0.4736842105263157,18.0,36.0,-18.0,0.16666666666666666,16,11,39,-22,0.2631578947368421,15.0,24.0,-9.0,0.0625,0,0,1,0,0,0,0,0,0.2,0.0,5,20,30,0.21052631578947362,0.10416666666666666,-9.0
2022-01-02,Chelsea,Liverpool,2.0,2.0,D,84,83,86,83,85,86,84,85,-1,20,42,67,22,0.5,43.0,14.0,29.0,0.6,19,41,69,26,0.5263157894736842,50.0,16.0,34.0,0.631578947368421,0,0,0,0,0,0,0,0,0.4,0.6,1,-2,-4,-0.02631578947368418,-0.03157894736842104,-5.0
2022-01-03,Man United,Wolves,0.0,1.0,A,83,85,83,81,78,79,80,78,5,18,31,74,29,0.5526315789473685,30.0,26.0,4.0,0.5,18,25,45,-16,0.3157894736842105,13.0,14.0,-1.0,0.3888888888888889,0,0,0,0,0,0,0,0,0.8,0.2,6,29,45,0.23684210526315796,0.1111111111111111,5.0
2022-01-11,Southampton,Brentford,4.0,1.0,H,76,75,77,76,74,74,75,74,2,19,21,43,-21,0.3157894736842105,20.0,29.0,-9.0,0.21052631578947367,19,23,-1,-1,0.0,23.0,26.0,-3.0,0.3157894736842105,0,0,0,0,0,0,0,0,0.2,0.4,-2,44,-20,0.3157894736842105,-0.10526315789473684,-6.0
2022-01-12,West Ham,Norwich,2.0,0.0,H,79,80,78,78,73,75,73,73,6,20,34,65,15,0.5,37.0,27.0,10.0,0.5,19,10,-1,-1,0.0,8.0,42.0,-34.0,0.10526315789473684,0,0,0,0,0,0,1,1,0.4,0.0,24,66,16,0.5,0.39473684210526316,44.0
2022-01-14,Brighton,Crystal Palace,1.0,1.0,D,76,77,75,76,76,76,76,75,0,19,27,41,-6,0.2368421052631578,20.0,20.0,0.0,0.3157894736842105,20,23,44,-25,0.3157894736842105,29.0,30.0,-1.0,0.25,0,0,0,0,0,0,0,0,0.4,0.4,4,-3,19,-0.07894736842105271,0.06578947368421051,1.0
2022-01-15,Man City,Chelsea,1.0,0.0,H,85,84,87,86,84,83,86,83,1,21,53,86,51,0.7105263157894737,53.0,13.0,40.0,0.8095238095238095,21,43,67,22,0.5,45.0,16.0,29.0,0.5714285714285714,1,1,0,0,0,0,0,0,1.0,0.2,10,19,29,0.21052631578947367,0.23809523809523814,11.0
2022-01-15,Newcastle,Watford,1.0,1.0,D,77,77,77,77,74,75,75,73,3,19,11,45,-16,0.3157894736842105,19.0,42.0,-23.0,0.05263157894736842,18,13,-1,-1,0.0,22.0,36.0,-14.0,0.2222222222222222,0,0,0,0,0,0,1,1,0.2,0.0,-2,46,-15,0.3157894736842105,-0.1695906432748538,-9.0
2022-01-15,Norwich,Everton,2.0,1.0,H,73,75,73,73,78,78,78,77,-5,20,10,-1,-1,0.0,8.0,44.0,-36.0,0.1,18,19,59,-1,0.4473684210526316,23.0,32.0,-9.0,0.2777777777777778,0,0,1,1,0,0,0,0,0.0,0.2,-9,-60,0,-0.4473684210526316,-0.17777777777777778,-27.0
2022-01-15,Wolves,Southampton,3.0,1.0,H,78,79,80,78,76,75,77,76,2,19,28,45,-16,0.3157894736842105,14.0,14.0,0.0,0.42105263157894735,20,24,43,-21,0.3157894736842105,24.0,30.0,-6.0,0.25,0,0,0,0,0,0,0,0,0.4,0.4,4,2,5,0.0,0.17105263157894735,6.0
2022-01-15,Aston Villa,Man United,2.0,2.0,D,78,79,78,79,83,85,83,81,-5,19,22,55,9,0.4210526315789473,25.0,30.0,-5.0,0.3684210526315789,19,31,74,29,0.5526315789473685,30.0,27.0,3.0,0.47368421052631576,0,0,0,0,0,0,0,0,0.4,0.6,-9,-19,-20,-0.13157894736842118,-0.10526315789473684,-8.0
2022-01-16,Liverpool,Brentford,3.0,0.0,H,85,86,84,85,74,74,75,74,11,20,42,69,26,0.5263157894736842,52.0,18.0,34.0,0.6,20,23,-1,-1,0.0,24.0,30.0,-6.0,0.3,0,0,0,0,0,0,0,0,0.4,0.4,19,70,27,0.5263157894736842,0.3,40.0
2022-01-16,West Ham,Leeds,2.0,3.0,A,79,80,78,78,76,77,78,75,3,21,37,65,15,0.5,39.0,27.0,12.0,0.5238095238095238,19,19,59,8,0.4736842105263157,21.0,37.0,-16.0,0.21052631578947367,1,0,0,0,0,0,0,0,0.6,0.2,18,6,7,0.026315789473684292,0.31328320802005016,28.0
2022-01-18,Brighton,Chelsea,1.0,1.0,D,76,77,75,76,84,83,86,83,-8,20,28,41,-6,0.2368421052631578,21.0,21.0,0.0,0.3,22,43,67,22,0.5,45.0,17.0,28.0,0.5454545454545454,0,0,0,0,0,0,0,0,0.4,0.2,-15,-26,-28,-0.2631578947368422,-0.24545454545454543,-28.0
2022-01-19,Leicester,Tottenham,2.0,3.0,A,80,80,81,79,81,83,80,79,-1,18,25,66,18,0.5263157894736842,31.0,33.0,-2.0,0.3888888888888889,18,33,62,23,0.4736842105263157,23.0,20.0,3.0,0.5555555555555556,0,0,0,0,0,0,0,0,0.4,0.6,-8,4,-5,0.052631578947368474,-0.16666666666666669,-5.0
2022-01-19,Brentford,Man United,1.0,3.0,A,74,74,75,74,83,85,83,81,-9,21,23,-1,-1,0.0,24.0,33.0,-9.0,0.2857142857142857,20,32,74,29,0.5526315789473685,32.0,29.0,3.0,0.45,0,0,0,0,0,0,0,0,0.2,0.4,-9,-75,-30,-0.5526315789473685,-0.1642857142857143,-12.0
2022-01-21,Watford,Norwich,0.0,3.0,A,74,75,75,73,73,75,73,73,1,19,14,-1,-1,0.0,23.0,37.0,-14.0,0.21052631578947367,21,13,-1,-1,0.0,10.0,45.0,-35.0,0.14285714285714285,0,0,0,0,0,0,0,0,0.0,0.2,1,0,0,0.0,0.06766917293233082,21.0
2022-01-22,Everton,Aston Villa,0.0,1.0,A,78,78,78,77,78,79,78,79,0,19,19,59,-1,0.4473684210526316,24.0,34.0,-10.0,0.2631578947368421,20,23,55,9,0.4210526315789473,27.0,32.0,-5.0,0.35,0,0,0,0,0,0,0,0,0.2,0.2,-4,4,-10,0.026315789473684292,-0.08684210526315789,-5.0
2022-01-22,Brentford,Wolves,1.0,2.0,A,74,74,75,74,78,79,80,78,-4,22,23,-1,-1,0.0,25.0,36.0,-11.0,0.2727272727272727,20,31,45,-16,0.3157894736842105,17.0,15.0,2.0,0.45,0,0,1,0,0,0,0,0,0.2,0.6,-8,-46,15,-0.3157894736842105,-0.1772727272727273,-13.0
2022-01-22,Leeds,Newcastle,0.0,1.0,A,76,77,78,75,77,77,77,77,-1,20,22,59,8,0.4736842105263157,24.0,39.0,-15.0,0.25,20,12,45,-16,0.3157894736842105,20.0,43.0,-23.0,0.05,0,0,0,0,0,0,0,0,0.4,0.0,10,14,24,0.1578947368421052,0.2,8.0
2022-01-22,Man United,West Ham,1.0,0.0,H,83,85,83,81,79,80,78,78,4,21,35,74,29,0.5526315789473685,35.0,30.0,5.0,0.47619047619047616,22,37,65,15,0.5,41.0,30.0,11.0,0.5,0,0,0,0,0,0,0,0,0.4,0.6,-2,9,14,0.052631578947368474,-0.023809523809523836,-6.0
2022-01-22,Southampton,Man City,1.0,1.0,D,76,75,77,76,85,84,87,86,-9,21,24,43,-21,0.3157894736842105,25.0,33.0,-8.0,0.23809523809523808,22,56,86,51,0.7105263157894737,54.0,13.0,41.0,0.8181818181818182,0,0,0,0,1,1,0,0,0.4,1.0,-32,-43,-72,-0.39473684210526316,-0.5800865800865802,-49.0
2022-01-23,Arsenal,Burnley,0.0,0.0,D,80,82,80,77,76,77,75,76,4,20,35,61,16,0.4736842105263157,33.0,25.0,8.0,0.55,17,11,39,-22,0.2631578947368421,16.0,27.0,-11.0,0.058823529411764705,0,0,0,0,0,0,0,0,0.8,0.0,24,22,38,0.21052631578947362,0.4911764705882353,19.0
2022-01-23,Crystal Palace,Liverpool,1.0,3.0,A,76,76,76,75,85,86,84,85,-9,21,24,44,-25,0.3157894736842105,30.0,31.0,-1.0,0.23809523809523808,21,45,69,26,0.5263157894736842,55.0,18.0,37.0,0.6190476190476191,0,0,0,0,0,0,0,0,0.2,0.4,-21,-25,-51,-0.21052631578947367,-0.380952380952381,-38.0
2022-01-23,Leicester,Brighton,1.0,1.0,D,80,80,81,79,76,77,75,76,4,19,25,66,18,0.5263157894736842,33.0,36.0,-3.0,0.3684210526315789,21,29,41,-6,0.2368421052631578,22.0,22.0,0.0,0.2857142857142857,0,0,0,0,0,0,0,0,0.4,0.4,-4,25,24,0.2894736842105264,0.08270676691729323,-3.0
2022-01-23,Chelsea,Tottenham,2.0,0.0,H,84,83,86,83,81,83,80,79,3,23,44,67,22,0.5,46.0,18.0,28.0,0.5217391304347826,19,36,62,23,0.4736842105263157,26.0,22.0,4.0,0.5789473684210527,0,0,0,0,0,0,0,0,0.2,0.6,8,5,-1,0.026315789473684292,-0.05720823798627006,24.0
2022-02-05,Burnley,Watford,0.0,0.0,D,76,77,75,76,74,75,75,73,2,18,12,39,-22,0.2631578947368421,16.0,27.0,-11.0,0.05555555555555555,20,14,-1,-1,0.0,23.0,40.0,-17.0,0.2,0,0,0,0,0,0,0,0,0.0,0.0,-2,40,-21,0.2631578947368421,-0.14444444444444446,6.0
2022-02-08,Newcastle,Everton,3.0,1.0,H,77,77,77,77,78,78,78,77,-1,21,15,45,-16,0.3157894736842105,21.0,43.0,-22.0,0.09523809523809523,20,19,59,-1,0.4473684210526316,24.0,35.0,-11.0,0.25,0,0,0,0,0,0,1,0,0.2,0.0,-4,-14,-15,-0.13157894736842107,-0.15476190476190477,-11.0
2022-02-08,West Ham,Watford,1.0,0.0,H,79,80,78,78,74,75,75,73,5,23,37,65,15,0.5,41.0,31.0,10.0,0.4782608695652174,21,15,-1,-1,0.0,23.0,40.0,-17.0,0.19047619047619047,0,0,0,0,0,0,0,0,0.6,0.0,22,66,16,0.5,0.28778467908902694,27.0
2022-02-08,Burnley,Man United,1.0,1.0,D,76,77,75,76,83,85,83,81,-7,19,13,39,-22,0.2631578947368421,16.0,27.0,-11.0,0.05263157894736842,22,38,74,29,0.5526315789473685,36.0,30.0,6.0,0.5,0,0,0,0,0,0,0,0,0.0,0.6,-25,-35,-51,-0.2894736842105264,-0.4473684210526316,-17.0
2022-02-09,Man City,Brentford,2.0,0.0,H,85,84,87,86,74,74,75,74,11,23,57,86,51,0.7105263157894737,55.0,14.0,41.0,0.782608695652174,23,23,-1,-1,0.0,26.0,38.0,-12.0,0.2608695652173913,0,0,0,0,0,0,1,0,0.8,0.2,34,87,52,0.7105263157894737,0.5217391304347827,53.0
2022-02-09,Norwich,Crystal Palace,1.0,1.0,D,73,75,73,73,76,76,76,75,-3,22,16,-1,-1,0.0,13.0,45.0,-32.0,0.18181818181818182,22,24,44,-25,0.3157894736842105,31.0,34.0,-3.0,0.22727272727272727,0,0,0,0,0,0,0,0,0.4,0.2,-8,-45,24,-0.3157894736842105,-0.04545454545454544,-29.0
2022-02-09,Tottenham,Southampton,2.0,3.0,A,81,83,80,79,76,75,77,76,5,20,36,62,23,0.4736842105263157,26.0,24.0,2.0,0.55,22,25,43,-21,0.3157894736842105,26.0,34.0,-8.0,0.22727272727272727,0,0,0,0,0,0,0,0,0.6,0.4,11,19,44,0.1578947368421052,0.32272727272727275,10.0
2022-02-09,Aston Villa,Leeds,3.0,3.0,D,78,79,78,79,76,77,78,75,2,21,26,55,9,0.4210526315789473,28.0,32.0,-4.0,0.38095238095238093,21,22,59,8,0.4736842105263157,24.0,40.0,-16.0,0.23809523809523808,0,0,0,0,0,0,0,0,0.4,0.4,4,-4,1,-0.05263157894736842,0.14285714285714285,12.0
2022-02-10,Liverpool,Leicester,2.0,0.0,H,85,86,84,85,80,80,81,79,5,22,48,69,26,0.5263157894736842,58.0,19.0,39.0,0.6363636363636364,20,26,66,18,0.5263157894736842,34.0,37.0,-3.0,0.35,0,0,0,0,0,0,0,0,0.4,0.4,22,3,8,0.0,0.2863636363636364,42.0
2022-02-10,Wolves,Arsenal,0.0,1.0,A,78,79,80,78,80,82,80,77,-2,21,34,45,-16,0.3157894736842105,19.0,16.0,3.0,0.47619047619047616,21,36,61,16,0.4736842105263157,33.0,25.0,8.0,0.5238095238095238,1,0,0,0,0,0,0,0,0.8,0.6,-2,-16,-32,-0.1578947368421052,-0.04761904761904767,-5.0
2022-02-12,Man United,Southampton,1.0,1.0,D,83,85,83,81,76,75,77,76,7,23,39,74,29,0.5526315789473685,37.0,31.0,6.0,0.4782608695652174,23,28,43,-21,0.3157894736842105,29.0,36.0,-7.0,0.2608695652173913,0,0,0,0,0,0,0,0,0.4,0.4,11,31,50,0.23684210526315796,0.2173913043478261,13.0
2022-02-12,Brentford,Crystal Palace,0.0,0.0,D,74,74,75,74,76,76,76,75,-2,24,23,-1,-1,0.0,26.0,40.0,-14.0,0.25,23,25,44,-25,0.3157894736842105,32.0,35.0,-3.0,0.21739130434782608,0,0,1,1,0,0,0,0,0.0,0.2,-2,-45,24,-0.3157894736842105,0.03260869565217392,-11.0
2022-02-12,Everton,Leeds,3.0,0.0,H,78,78,78,77,76,77,78,75,2,21,19,59,-1,0.4473684210526316,25.0,38.0,-13.0,0.23809523809523808,22,23,59,8,0.4736842105263157,27.0,43.0,-16.0,0.22727272727272727,0,0,1,0,0,0,0,0,0.0,0.4,-4,0,-9,-0.026315789473684126,0.010822510822510817,3.0
2022-02-12,Watford,Brighton,0.0,2.0,A,74,75,75,73,76,77,75,76,-2,22,15,-1,-1,0.0,23.0,41.0,-18.0,0.18181818181818182,22,30,41,-6,0.2368421052631578,23.0,23.0,0.0,0.2727272727272727,0,0,0,0,0,0,0,0,0.0,0.2,-15,-42,5,-0.2368421052631578,-0.09090909090909088,-18.0
2022-02-12,Norwich,Man City,0.0,4.0,A,73,75,73,73,85,84,87,86,-12,23,17,-1,-1,0.0,14.0,46.0,-32.0,0.17391304347826086,24,60,86,51,0.7105263157894737,57.0,14.0,43.0,0.7916666666666666,0,0,0,0,0,0,0,0,0.4,0.8,-43,-87,-52,-0.7105263157894737,-0.6177536231884058,-75.0
2022-02-13,Burnley,Liverpool,0.0,1.0,A,76,77,75,76,85,86,84,85,-9,20,14,39,-22,0.2631578947368421,17.0,28.0,-11.0,0.05,23,51,69,26,0.5263157894736842,60.0,19.0,41.0,0.6521739130434783,0,0,0,0,1,0,0,0,0.0,0.6,-37,-30,-48,-0.2631578947368421,-0.6021739130434782,-52.0
2022-02-13,Newcastle,Aston Villa,1.0,0.0,H,77,77,77,77,78,79,78,79,-1,22,18,45,-16,0.3157894736842105,24.0,44.0,-20.0,0.13636363636363635,22,27,55,9,0.4210526315789473,31.0,35.0,-4.0,0.36363636363636365,0,0,0,0,0,0,0,0,0.4,0.2,-9,-10,-25,-0.10526315789473678,-0.2272727272727273,-16.0
2022-02-13,Tottenham,Wolves,0.0,2.0,A,81,83,80,79,78,79,80,78,3,21,36,62,23,0.4736842105263157,28.0,27.0,1.0,0.5238095238095238,22,34,45,-16,0.3157894736842105,19.0,17.0,2.0,0.45454545454545453,0,0,0,0,0,0,0,0,0.4,0.6,2,17,39,0.1578947368421052,0.0692640692640693,-1.0
2022-02-13,Leicester,West Ham,2.0,2.0,D,80,80,81,79,79,80,78,78,1,21,26,66,18,0.5263157894736842,34.0,39.0,-5.0,0.3333333333333333,24,40,65,15,0.5,42.0,31.0,11.0,0.5,0,0,0,0,0,0,0,0,0.2,0.6,-14,1,3,0.02631578947368418,-0.16666666666666669,-16.0
2022-02-15,Man United,Brighton,2.0,0.0,H,83,85,83,81,76,77,75,76,7,24,40,74,29,0.5526315789473685,38.0,32.0,6.0,0.4583333333333333,23,33,41,-6,0.2368421052631578,25.0,23.0,2.0,0.30434782608695654,0,0,0,0,0,0,0,0,0.4,0.4,7,33,35,0.3157894736842107,0.15398550724637677,4.0
2022-02-19,West Ham,Newcastle,1.0,1.0,D,79,80,78,78,77,77,77,77,2,25,41,65,15,0.5,44.0,33.0,11.0,0.48,23,21,45,-16,0.3157894736842105,25.0,44.0,-19.0,0.17391304347826086,0,0,0,0,1,0,0,0,0.4,0.6,20,20,31,0.1842105263157895,0.3060869565217391,30.0
2022-02-19,Arsenal,Brentford,2.0,1.0,H,80,82,80,77,74,74,75,74,6,22,39,61,16,0.4736842105263157,34.0,25.0,9.0,0.5454545454545454,25,24,-1,-1,0.0,26.0,40.0,-14.0,0.24,0,0,0,0,0,0,0,0,0.6,0.0,15,62,17,0.4736842105263157,0.3054545454545454,23.0
2022-02-19,Aston Villa,Watford,0.0,1.0,A,78,79,78,79,74,75,75,73,4,23,27,55,9,0.4210526315789473,31.0,36.0,-5.0,0.34782608695652173,23,15,-1,-1,0.0,23.0,43.0,-20.0,0.17391304347826086,0,0,0,0,0,0,0,0,0.2,0.0,12,56,10,0.4210526315789473,0.17391304347826086,15.0
2022-02-19,Brighton,Burnley,0.0,3.0,A,76,77,75,76,76,77,75,76,0,24,33,41,-6,0.2368421052631578,25.0,25.0,0.0,0.2916666666666667,21,14,39,-22,0.2631578947368421,17.0,29.0,-12.0,0.047619047619047616,0,0,0,0,0,0,0,0,0.2,0.0,19,2,16,-0.026315789473684292,0.24404761904761907,12.0
2022-02-19,Crystal Palace,Chelsea,0.0,1.0,A,76,76,76,75,84,83,86,83,-8,24,26,44,-25,0.3157894736842105,32.0,35.0,-3.0,0.20833333333333334,24,47,67,22,0.5,48.0,18.0,30.0,0.5416666666666666,0,0,0,0,0,0,0,0,0.0,0.2,-21,-23,-47,-0.1842105263157895,-0.33333333333333326,-33.0
2022-02-19,Liverpool,Norwich,3.0,1.0,H,85,86,84,85,73,75,73,73,12,24,54,69,26,0.5263157894736842,61.0,19.0,42.0,0.6666666666666666,24,17,-1,-1,0.0,14.0,50.0,-36.0,0.16666666666666666,1,0,0,0,0,0,0,0,0.8,0.4,37,70,27,0.5263157894736842,0.5,78.0
2022-02-19,Southampton,Everton,2.0,0.0,H,76,75,77,76,78,78,78,77,-2,24,29,43,-21,0.3157894736842105,30.0,37.0,-7.0,0.25,22,22,59,-1,0.4473684210526316,28.0,38.0,-10.0,0.2727272727272727,0,0,0,0,0,0,0,0,0.4,0.2,7,-16,-20,-0.13157894736842107,-0.022727272727272707,3.0
2022-02-19,Man City,Tottenham,2.0,3.0,A,85,84,87,86,81,83,80,79,4,25,63,86,51,0.7105263157894737,61.0,14.0,47.0,0.8,22,36,62,23,0.4736842105263157,28.0,29.0,-1.0,0.5,0,0,0,0,0,0,1,0,0.8,0.4,27,24,28,0.23684210526315796,0.30000000000000004,48.0
2022-02-20,Leeds,Man United,2.0,4.0,A,76,77,78,75,83,85,83,81,-7,23,23,59,8,0.4736842105263157,27.0,46.0,-19.0,0.21739130434782608,25,43,74,29,0.5526315789473685,40.0,32.0,8.0,0.48,0,0,0,0,0,0,0,0,0.4,0.6,-20,-15,-21,-0.07894736842105277,-0.26260869565217393,-27.0
2022-02-20,Wolves,Leicester,2.0,1.0,H,78,79,80,78,80,80,81,79,-2,23,37,45,-16,0.3157894736842105,21.0,17.0,4.0,0.4782608695652174,22,27,66,18,0.5263157894736842,36.0,41.0,-5.0,0.3181818181818182,0,0,0,0,0,0,0,0,0.8,0.2,10,-21,-34,-0.21052631578947367,0.16007905138339923,9.0
2022-02-23,Burnley,Tottenham,1.0,0.0,H,76,77,75,76,81,83,80,79,-5,22,17,39,-22,0.2631578947368421,20.0,29.0,-9.0,0.09090909090909091,23,39,62,23,0.4736842105263157,31.0,31.0,0.0,0.5217391304347826,0,0,0,0,0,0,0,0,0.2,0.4,-22,-23,-45,-0.21052631578947362,-0.43083003952569165,-9.0
2022-02-23,Watford,Crystal Palace,1.0,4.0,A,74,75,75,73,76,76,76,75,-2,24,18,-1,-1,0.0,24.0,43.0,-19.0,0.20833333333333334,25,26,44,-25,0.3157894736842105,32.0,36.0,-4.0,0.2,0,0,0,0,0,0,0,0,0.2,0.0,-8,-45,24,-0.3157894736842105,0.008333333333333331,-15.0
2022-02-23,Liverpool,Leeds,6.0,0.0,H,85,86,84,85,76,77,78,75,9,25,57,69,26,0.5263157894736842,64.0,20.0,44.0,0.68,24,23,59,8,0.4736842105263157,29.0,50.0,-21.0,0.20833333333333334,1,1,0,0,0,0,0,0,1.0,0.2,34,10,18,0.052631578947368474,0.4716666666666667,65.0
2022-02-24,Arsenal,Wolves,2.0,1.0,H,80,82,80,77,78,79,80,78,2,23,42,61,16,0.4736842105263157,36.0,26.0,10.0,0.5652173913043478,24,40,45,-16,0.3157894736842105,23.0,18.0,5.0,0.5,0,0,0,0,0,0,0,0,0.6,0.8,2,16,32,0.1578947368421052,0.06521739130434778,5.0
2022-02-25,Southampton,Norwich,2.0,0.0,H,76,75,77,76,73,75,73,73,3,25,32,43,-21,0.3157894736842105,32.0,37.0,-5.0,0.28,25,17,-1,-1,0.0,15.0,53.0,-38.0,0.16,0,0,0,0,0,0,0,0,0.4,0.4,15,44,-20,0.3157894736842105,0.12000000000000002,33.0
2022-02-26,Leeds,Tottenham,0.0,4.0,A,76,77,78,75,81,83,80,79,-5,25,23,59,8,0.4736842105263157,29.0,56.0,-27.0,0.2,24,39,62,23,0.4736842105263157,31.0,32.0,-1.0,0.5,0,0,1,0,0,0,0,0,0.0,0.2,-16,-3,-15,0.0,-0.3,-26.0
2022-02-26,Brentford,Newcastle,0.0,2.0,A,74,74,75,74,77,77,77,77,-3,26,24,-1,-1,0.0,27.0,42.0,-15.0,0.23076923076923078,24,22,45,-16,0.3157894736842105,26.0,45.0,-19.0,0.16666666666666666,0,0,0,0,0,0,0,0,0.0,0.6,2,-46,15,-0.3157894736842105,0.06410256410256412,4.0
2022-02-26,Crystal Palace,Burnley,1.0,1.0,D,76,76,76,75,76,77,75,76,0,26,29,44,-25,0.3157894736842105,36.0,37.0,-1.0,0.23076923076923078,23,20,39,-22,0.2631578947368421,21.0,29.0,-8.0,0.13043478260869565,0,0,0,0,0,0,0,0,0.2,0.4,9,5,-3,0.05263157894736842,0.10033444816053513,7.0
2022-02-26,Man United,Watford,0.0,0.0,D,83,85,83,81,74,75,75,73,9,26,46,74,29,0.5526315789473685,44.0,34.0,10.0,0.5,25,18,-1,-1,0.0,25.0,47.0,-22.0,0.2,0,0,0,0,0,0,0,0,0.6,0.2,28,75,30,0.5526315789473685,0.3,32.0
2022-02-26,Brighton,Aston Villa,0.0,2.0,A,76,77,75,76,78,79,78,79,-2,25,33,41,-6,0.2368421052631578,25.0,28.0,-3.0,0.28,24,27,55,9,0.4210526315789473,31.0,37.0,-6.0,0.3333333333333333,0,0,0,0,0,0,0,0,0.2,0.2,6,-14,-15,-0.1842105263157895,-0.05333333333333329,3.0
2022-02-26,Everton,Man City,0.0,1.0,A,78,78,78,77,85,84,87,86,-7,23,22,59,-1,0.4473684210526316,28.0,40.0,-12.0,0.2608695652173913,26,63,86,51,0.7105263157894737,63.0,17.0,46.0,0.7692307692307693,0,0,0,0,0,0,0,0,0.2,0.6,-41,-27,-52,-0.2631578947368421,-0.508361204013378,-58.0
2022-02-27,West Ham,Wolves,1.0,0.0,H,79,80,78,78,78,79,80,78,1,26,42,65,15,0.5,45.0,34.0,11.0,0.46153846153846156,25,40,45,-16,0.3157894736842105,24.0,20.0,4.0,0.48,0,0,0,0,0,0,0,0,0.2,0.6,2,20,31,0.1842105263157895,-0.018461538461538418,7.0
2022-03-01,Burnley,Leicester,0.0,2.0,A,76,77,75,76,80,80,81,79,-4,24,21,39,-22,0.2631578947368421,22.0,30.0,-8.0,0.125,23,27,66,18,0.5263157894736842,37.0,43.0,-6.0,0.30434782608695654,0,0,0,0,0,0,0,0,0.4,0.0,-6,-27,-40,-0.2631578947368421,-0.17934782608695654,-2.0
2022-03-05,Leicester,Leeds,1.0,0.0,H,80,80,81,79,76,77,78,75,4,24,30,66,18,0.5263157894736842,39.0,43.0,-4.0,0.3333333333333333,26,23,59,8,0.4736842105263157,29.0,60.0,-31.0,0.19230769230769232,0,0,0,0,0,0,1,0,0.2,0.0,7,7,10,0.052631578947368474,0.141025641025641,27.0
2022-03-05,Aston Villa,Southampton,4.0,0.0,H,78,79,78,79,76,75,77,76,2,25,30,55,9,0.4210526315789473,33.0,37.0,-4.0,0.36,26,35,43,-21,0.3157894736842105,34.0,37.0,-3.0,0.3076923076923077,0,0,0,0,0,0,0,0,0.4,0.6,-5,12,30,0.10526315789473678,0.05230769230769228,-1.0
2022-03-05,Burnley,Chelsea,0.0,4.0,A,76,77,75,76,84,83,86,83,-8,25,21,39,-22,0.2631578947368421,22.0,32.0,-10.0,0.12,25,50,67,22,0.5,49.0,18.0,31.0,0.56,0,0,0,0,0,0,0,0,0.4,0.4,-29,-28,-44,-0.2368421052631579,-0.44000000000000006,-41.0
2022-03-05,Newcastle,Brighton,2.0,1.0,H,77,77,77,77,76,77,75,76,1,25,25,45,-16,0.3157894736842105,28.0,45.0,-17.0,0.2,26,33,41,-6,0.2368421052631578,25.0,30.0,-5.0,0.2692307692307692,0,0,0,0,0,0,1,0,0.8,0.2,-8,4,-10,0.07894736842105271,-0.0692307692307692,-12.0
2022-03-05,Norwich,Brentford,1.0,3.0,A,73,75,73,73,74,74,75,74,-1,26,17,-1,-1,0.0,15.0,55.0,-40.0,0.15384615384615385,27,24,-1,-1,0.0,27.0,44.0,-17.0,0.2222222222222222,0,0,1,0,0,0,0,0,0.2,0.0,-7,0,0,0.0,-0.06837606837606836,-23.0
2022-03-05,Wolves,Crystal Palace,0.0,2.0,A,78,79,80,78,76,76,76,75,2,26,40,45,-16,0.3157894736842105,24.0,21.0,3.0,0.46153846153846156,27,30,44,-25,0.3157894736842105,37.0,38.0,-1.0,0.2222222222222222,0,0,0,0,0,0,0,0,0.4,0.2,10,1,9,0.0,0.23931623931623935,4.0
2022-03-05,Liverpool,West Ham,1.0,0.0,H,85,86,84,85,79,80,78,78,6,26,60,69,26,0.5263157894736842,70.0,20.0,50.0,0.6923076923076923,27,45,65,15,0.5,46.0,34.0,12.0,0.48148148148148145,1,1,0,0,0,0,0,0,1.0,0.4,15,4,11,0.02631578947368418,0.21082621082621084,38.0
2022-03-06,Watford,Arsenal,2.0,3.0,A,74,75,75,73,80,82,80,77,-6,26,19,-1,-1,0.0,25.0,47.0,-22.0,0.19230769230769232,24,45,61,16,0.4736842105263157,38.0,27.0,11.0,0.5833333333333334,0,0,0,0,1,0,0,0,0.2,0.6,-26,-62,-17,-0.4736842105263157,-0.3910256410256411,-33.0
2022-03-06,Man City,Man United,4.0,1.0,H,85,84,87,86,83,85,83,81,2,27,66,86,51,0.7105263157894737,64.0,17.0,47.0,0.7777777777777778,27,47,74,29,0.5526315789473685,44.0,34.0,10.0,0.48148148148148145,0,0,0,0,0,0,0,0,0.6,0.4,19,12,22,0.1578947368421052,0.29629629629629634,37.0
2022-03-07,Tottenham,Everton,5.0,0.0,H,81,83,80,79,78,78,78,77,3,25,42,62,23,0.4736842105263157,35.0,32.0,3.0,0.52,24,22,59,-1,0.4473684210526316,28.0,41.0,-13.0,0.25,0,0,0,0,0,0,0,0,0.4,0.2,20,3,24,0.026315789473684126,0.27,16.0
2022-03-10,Norwich,Chelsea,1.0,3.0,A,73,75,73,73,84,83,86,83,-11,27,17,-1,-1,0.0,16.0,58.0,-42.0,0.14814814814814814,26,53,67,22,0.5,53.0,18.0,35.0,0.5769230769230769,0,0,1,0,1,0,0,0,0.0,0.6,-36,-68,-23,-0.5,-0.42877492877492873,-77.0
2022-03-10,Southampton,Newcastle,1.0,2.0,A,76,75,77,76,77,77,77,77,-1,27,35,43,-21,0.3157894736842105,34.0,41.0,-7.0,0.2962962962962963,26,28,45,-16,0.3157894736842105,30.0,46.0,-16.0,0.23076923076923078,0,0,0,0,0,0,0,0,0.6,0.8,7,-2,-5,0.0,0.0655270655270655,9.0
2022-03-10,Wolves,Watford,4.0,0.0,H,78,79,80,78,74,75,75,73,4,27,40,45,-16,0.3157894736842105,24.0,23.0,1.0,0.4444444444444444,27,19,-1,-1,0.0,27.0,50.0,-23.0,0.18518518518518517,0,0,1,0,0,0,0,0,0.4,0.2,21,46,-15,0.3157894736842105,0.25925925925925924,24.0
2022-03-10,Leeds,Aston Villa,0.0,3.0,A,76,77,78,75,78,79,78,79,-2,27,23,59,8,0.4736842105263157,29.0,61.0,-32.0,0.18518518518518517,26,33,55,9,0.4210526315789473,37.0,37.0,0.0,0.38461538461538464,0,0,1,1,0,0,0,0,0.0,0.4,-10,4,-1,0.05263157894736842,-0.19943019943019946,-32.0
2022-03-12,Brighton,Liverpool,0.0,2.0,A,76,77,75,76,85,86,84,85,-9,27,33,41,-6,0.2368421052631578,26.0,32.0,-6.0,0.25925925925925924,27,63,69,26,0.5263157894736842,71.0,20.0,51.0,0.7037037037037037,0,0,1,0,1,1,0,0,0.2,1.0,-30,-28,-32,-0.2894736842105264,-0.4444444444444445,-57.0
2022-03-12,Brentford,Burnley,2.0,0.0,H,74,74,75,74,76,77,75,76,-2,28,27,-1,-1,0.0,30.0,45.0,-15.0,0.25,26,21,39,-22,0.2631578947368421,22.0,36.0,-14.0,0.11538461538461539,0,0,0,0,0,0,0,0,0.2,0.4,6,-40,21,-0.2631578947368421,0.1346153846153846,-1.0
2022-03-12,Man United,Tottenham,3.0,2.0,H,83,85,83,81,81,83,80,79,2,28,47,74,29,0.5526315789473685,45.0,38.0,7.0,0.4642857142857143,26,45,62,23,0.4736842105263157,40.0,32.0,8.0,0.5384615384615384,0,0,0,0,0,0,0,0,0.4,0.6,2,12,6,0.07894736842105277,-0.07417582417582413,-1.0
2022-03-13,Chelsea,Newcastle,1.0,0.0,H,84,83,86,83,77,77,77,77,7,27,56,67,22,0.5,56.0,19.0,37.0,0.5925925925925926,27,31,45,-16,0.3157894736842105,32.0,47.0,-15.0,0.25925925925925924,1,0,0,0,1,0,0,0,0.8,0.8,25,22,38,0.1842105263157895,0.3333333333333333,52.0
2022-03-13,Everton,Wolves,0.0,1.0,A,78,78,78,77,78,79,80,78,0,25,22,59,-1,0.4473684210526316,28.0,46.0,-18.0,0.24,28,43,45,-16,0.3157894736842105,28.0,23.0,5.0,0.4642857142857143,0,0,1,0,0,0,0,0,0.2,0.4,-21,14,15,0.13157894736842107,-0.2242857142857143,-23.0
2022-03-13,Leeds,Norwich,2.0,1.0,H,76,77,78,75,73,75,73,73,3,28,23,59,8,0.4736842105263157,29.0,64.0,-35.0,0.17857142857142858,28,17,-1,-1,0.0,17.0,61.0,-44.0,0.14285714285714285,0,0,1,1,0,0,1,1,0.0,0.0,6,60,9,0.4736842105263157,0.035714285714285726,9.0
2022-03-13,Southampton,Watford,1.0,2.0,A,76,75,77,76,74,75,75,73,2,28,35,43,-21,0.3157894736842105,35.0,43.0,-8.0,0.2857142857142857,28,19,-1,-1,0.0,27.0,54.0,-27.0,0.17857142857142858,0,0,0,0,0,0,0,0,0.4,0.2,16,44,-20,0.3157894736842105,0.10714285714285712,19.0
2022-03-13,West Ham,Aston Villa,2.0,1.0,H,79,80,78,78,78,79,78,79,1,28,45,65,15,0.5,46.0,35.0,11.0,0.4642857142857143,27,36,55,9,0.4210526315789473,40.0,37.0,3.0,0.4074074074074074,0,0,0,0,1,0,0,0,0.4,0.6,9,10,6,0.07894736842105271,0.05687830687830692,8.0
2022-03-13,Arsenal,Leicester,2.0,0.0,H,80,82,80,77,80,80,81,79,0,25,48,61,16,0.4736842105263157,41.0,29.0,12.0,0.6,25,33,66,18,0.5263157894736842,40.0,43.0,-3.0,0.36,1,0,0,0,0,0,0,0,0.8,0.4,15,-5,-2,-0.052631578947368474,0.24,15.0
2022-03-14,Crystal Palace,Man City,0.0,0.0,D,76,76,76,75,85,84,87,86,-9,28,33,44,-25,0.3157894736842105,39.0,38.0,1.0,0.25,28,69,86,51,0.7105263157894737,68.0,18.0,50.0,0.7857142857142857,0,0,0,0,0,0,0,0,0.4,0.8,-36,-42,-76,-0.39473684210526316,-0.5357142857142857,-49.0
2022-03-16,Brighton,Tottenham,0.0,2.0,A,76,77,75,76,81,83,80,79,-5,28,33,41,-6,0.2368421052631578,26.0,34.0,-8.0,0.25,27,45,62,23,0.4736842105263157,42.0,35.0,7.0,0.5185185185185185,0,0,1,1,0,0,0,0,0.0,0.6,-12,-21,-29,-0.2368421052631579,-0.2685185185185185,-15.0
2022-03-16,Arsenal,Liverpool,0.0,2.0,A,80,82,80,77,85,86,84,85,-5,26,51,61,16,0.4736842105263157,43.0,29.0,14.0,0.6153846153846154,28,66,69,26,0.5263157894736842,73.0,20.0,53.0,0.7142857142857143,1,1,0,0,1,1,0,0,1.0,1.0,-15,-8,-10,-0.052631578947368474,-0.09890109890109888,-39.0
2022-03-17,Everton,Newcastle,1.0,0.0,H,78,78,78,77,77,77,77,77,1,26,22,59,-1,0.4473684210526316,28.0,47.0,-19.0,0.23076923076923078,28,31,45,-16,0.3157894736842105,32.0,48.0,-16.0,0.25,0,0,1,0,0,0,0,0,0.2,0.6,-9,14,15,0.13157894736842107,-0.019230769230769218,-3.0
2022-03-18,Wolves,Leeds,2.0,3.0,A,78,79,80,78,76,77,78,75,2,29,46,45,-16,0.3157894736842105,29.0,23.0,6.0,0.4827586206896552,29,26,59,8,0.4736842105263157,31.0,65.0,-34.0,0.20689655172413793,0,0,0,0,0,0,0,0,0.4,0.2,20,-14,-24,-0.1578947368421052,0.27586206896551724,40.0
2022-03-19,Aston Villa,Arsenal,0.0,1.0,A,78,79,78,79,80,82,80,77,-2,28,36,55,9,0.4210526315789473,41.0,39.0,2.0,0.39285714285714285,27,51,61,16,0.4736842105263157,43.0,31.0,12.0,0.5925925925925926,0,0,0,0,0,0,0,0,0.6,0.8,-15,-6,-7,-0.05263157894736842,-0.1997354497354497,-10.0
2022-03-20,Leicester,Brentford,2.0,1.0,H,80,80,81,79,74,74,75,74,6,26,33,66,18,0.5263157894736842,40.0,45.0,-5.0,0.34615384615384615,29,30,-1,-1,0.0,32.0,45.0,-13.0,0.27586206896551724,0,0,0,0,0,0,0,0,0.4,0.4,3,67,19,0.5263157894736842,0.07029177718832891,8.0
2022-03-20,Tottenham,West Ham,3.0,1.0,H,81,83,80,79,79,80,78,78,2,28,48,62,23,0.4736842105263157,44.0,35.0,9.0,0.5357142857142857,29,48,65,15,0.5,48.0,36.0,12.0,0.4827586206896552,0,0,0,0,0,0,0,0,0.6,0.4,0,-3,8,-0.026315789473684292,0.052955665024630505,-3.0
2022-04-02,Liverpool,Watford,2.0,0.0,H,85,86,84,85,74,75,75,73,11,29,69,69,26,0.5263157894736842,75.0,20.0,55.0,0.7241379310344828,29,22,-1,-1,0.0,29.0,55.0,-26.0,0.20689655172413793,1,1,0,0,0,0,0,0,1.0,0.2,47,70,27,0.5263157894736842,0.5172413793103449,81.0
2022-04-02,Brighton,Norwich,0.0,0.0,D,76,77,75,76,73,75,73,73,3,29,33,41,-6,0.2368421052631578,26.0,36.0,-10.0,0.2413793103448276,29,17,-1,-1,0.0,18.0,63.0,-45.0,0.13793103448275862,0,0,1,1,0,0,1,1,0.0,0.0,16,42,-5,0.2368421052631578,0.10344827586206898,35.0
2022-04-02,Burnley,Man City,0.0,2.0,A,76,77,75,76,85,84,87,86,-9,27,21,39,-22,0.2631578947368421,22.0,38.0,-16.0,0.1111111111111111,29,70,86,51,0.7105263157894737,68.0,18.0,50.0,0.7586206896551724,0,0,1,0,0,0,0,0,0.2,0.6,-49,-47,-73,-0.4473684210526316,-0.6475095785440612,-66.0
2022-04-02,Chelsea,Brentford,1.0,4.0,A,84,83,86,83,74,74,75,74,10,28,59,67,22,0.5,57.0,19.0,38.0,0.6071428571428571,30,30,-1,-1,0.0,33.0,47.0,-14.0,0.26666666666666666,1,1,0,0,0,0,0,0,1.0,0.4,29,68,23,0.5,0.34047619047619043,52.0
2022-04-02,Leeds,Southampton,1.0,1.0,D,76,77,78,75,76,75,77,76,0,30,29,59,8,0.4736842105263157,34.0,67.0,-33.0,0.23333333333333334,29,35,43,-21,0.3157894736842105,36.0,45.0,-9.0,0.27586206896551724,0,0,0,0,0,0,1,0,0.4,0.4,-6,16,29,0.1578947368421052,-0.0425287356321839,-24.0
2022-04-02,Wolves,Aston Villa,2.0,1.0,H,78,79,80,78,78,79,78,79,0,30,46,45,-16,0.3157894736842105,31.0,26.0,5.0,0.4666666666666667,29,36,55,9,0.4210526315789473,41.0,40.0,1.0,0.3793103448275862,0,0,0,0,0,0,0,0,0.4,0.6,10,-10,-25,-0.10526315789473678,0.08735632183908049,4.0
2022-04-02,Man United,Leicester,1.0,1.0,D,83,85,83,81,80,80,81,79,3,29,50,74,29,0.5526315789473685,48.0,40.0,8.0,0.4827586206896552,27,36,66,18,0.5263157894736842,42.0,46.0,-4.0,0.37037037037037035,0,0,0,0,0,0,0,0,0.6,0.6,14,8,11,0.026315789473684292,0.11238825031928484,12.0
2022-04-03,West Ham,Everton,2.0,1.0,H,79,80,78,78,78,78,78,77,1,30,48,65,15,0.5,49.0,39.0,10.0,0.4666666666666667,27,25,59,-1,0.4473684210526316,29.0,47.0,-18.0,0.25925925925925924,0,0,0,0,0,0,0,0,0.4,0.2,23,6,16,0.05263157894736842,0.20740740740740743,28.0
2022-04-03,Tottenham,Newcastle,5.0,1.0,H,81,83,80,79,77,77,77,77,4,29,51,62,23,0.4736842105263157,47.0,36.0,11.0,0.5517241379310345,29,31,45,-16,0.3157894736842105,32.0,49.0,-17.0,0.2413793103448276,0,0,0,0,0,0,0,0,0.8,0.6,20,17,39,0.1578947368421052,0.31034482758620685,28.0
2022-04-04,Crystal Palace,Arsenal,3.0,0.0,H,76,76,76,75,80,82,80,77,-4,29,34,44,-25,0.3157894736842105,39.0,38.0,1.0,0.2413793103448276,28,54,61,16,0.4736842105263157,44.0,31.0,13.0,0.6071428571428571,0,0,0,0,0,0,0,0,0.4,0.8,-20,-17,-41,-0.1578947368421052,-0.36576354679802947,-12.0
2022-04-06,Burnley,Everton,3.0,2.0,H,76,77,75,76,78,78,78,77,-2,28,21,39,-22,0.2631578947368421,22.0,40.0,-18.0,0.10714285714285714,28,25,59,-1,0.4473684210526316,30.0,49.0,-19.0,0.25,0,0,1,0,0,0,0,0,0.0,0.2,-4,-20,-21,-0.1842105263157895,-0.14285714285714285,1.0
2022-04-08,Newcastle,Wolves,1.0,0.0,H,77,77,77,77,78,79,80,78,-1,30,31,45,-16,0.3157894736842105,33.0,54.0,-21.0,0.23333333333333334,31,49,45,-16,0.3157894736842105,33.0,27.0,6.0,0.4838709677419355,0,0,1,0,0,0,0,0,0.4,0.6,-18,0,0,0.0,-0.25053763440860216,-27.0
2022-04-09,Everton,Man United,1.0,0.0,H,78,78,78,77,83,85,83,81,-5,29,25,59,-1,0.4473684210526316,32.0,52.0,-20.0,0.2413793103448276,30,51,74,29,0.5526315789473685,49.0,41.0,8.0,0.4666666666666667,0,0,0,0,0,0,0,0,0.2,0.4,-26,-15,-30,-0.10526315789473689,-0.22528735632183908,-28.0
2022-04-09,Arsenal,Brighton,1.0,2.0,A,80,82,80,77,76,77,75,76,4,29,54,61,16,0.4736842105263157,44.0,34.0,10.0,0.5862068965517241,30,34,41,-6,0.2368421052631578,26.0,36.0,-10.0,0.23333333333333334,0,0,0,0,0,0,0,0,0.6,0.0,20,20,22,0.2368421052631579,0.35287356321839075,20.0
2022-04-09,Southampton,Chelsea,0.0,6.0,A,76,75,77,76,84,83,86,83,-8,30,36,43,-21,0.3157894736842105,37.0,46.0,-9.0,0.26666666666666666,29,59,67,22,0.5,58.0,23.0,35.0,0.5862068965517241,0,0,0,0,0,0,0,0,0.2,0.8,-23,-24,-43,-0.1842105263157895,-0.3195402298850574,-44.0
2022-04-09,Watford,Leeds,0.0,3.0,A,74,75,75,73,76,77,78,75,-2,30,22,-1,-1,0.0,29.0,57.0,-28.0,0.2,31,30,59,8,0.4736842105263157,35.0,68.0,-33.0,0.22580645161290322,0,0,0,0,0,0,0,0,0.2,0.4,-8,-60,-9,-0.4736842105263157,-0.02580645161290321,5.0
2022-04-09,Aston Villa,Tottenham,0.0,4.0,A,78,79,78,79,81,83,80,79,-3,30,36,55,9,0.4210526315789473,42.0,42.0,0.0,0.36666666666666664,30,54,62,23,0.4736842105263157,52.0,37.0,15.0,0.5666666666666667,0,0,1,0,1,0,0,0,0.4,0.8,-18,-7,-14,-0.05263157894736842,-0.2,-15.0
2022-04-10,Brentford,West Ham,2.0,0.0,H,74,74,75,74,79,80,78,78,-5,31,33,-1,-1,0.0,37.0,48.0,-11.0,0.2903225806451613,31,51,65,15,0.5,51.0,40.0,11.0,0.4838709677419355,0,0,0,0,0,0,0,0,0.6,0.6,-18,-66,-16,-0.5,-0.1935483870967742,-22.0
2022-04-10,Leicester,Crystal Palace,2.0,1.0,H,80,80,81,79,76,76,76,75,4,28,37,66,18,0.5263157894736842,43.0,47.0,-4.0,0.35714285714285715,30,37,44,-25,0.3157894736842105,42.0,38.0,4.0,0.26666666666666666,0,0,0,0,0,0,0,0,0.6,0.6,0,22,43,0.21052631578947367,0.09047619047619049,-8.0
2022-04-10,Norwich,Burnley,2.0,0.0,H,73,75,73,73,76,77,75,76,-3,30,18,-1,-1,0.0,18.0,63.0,-45.0,0.13333333333333333,29,24,39,-22,0.2631578947368421,25.0,42.0,-17.0,0.13793103448275862,0,0,0,0,0,0,0,0,0.0,0.2,-6,-40,21,-0.2631578947368421,-0.004597701149425287,-28.0
2022-04-10,Man City,Liverpool,2.0,2.0,D,85,84,87,86,85,86,84,85,0,30,73,86,51,0.7105263157894737,70.0,18.0,52.0,0.7666666666666667,30,72,69,26,0.5263157894736842,77.0,20.0,57.0,0.7333333333333333,0,0,0,0,1,1,0,0,0.6,1.0,1,17,25,0.1842105263157895,0.03333333333333344,-5.0
2022-04-16,Tottenham,Brighton,0.0,1.0,A,81,83,80,79,76,77,75,76,5,31,57,62,23,0.4736842105263157,56.0,37.0,19.0,0.5806451612903226,31,37,41,-6,0.2368421052631578,28.0,37.0,-9.0,0.25806451612903225,1,0,0,0,0,0,0,0,0.8,0.2,20,21,29,0.2368421052631579,0.32258064516129037,28.0
2022-04-16,Man United,Norwich,3.0,2.0,H,83,85,83,81,73,75,73,73,10,31,51,74,29,0.5526315789473685,49.0,42.0,7.0,0.45161290322580644,31,21,-1,-1,0.0,20.0,63.0,-43.0,0.16129032258064516,0,0,0,0,0,0,0,0,0.2,0.2,30,75,30,0.5526315789473685,0.29032258064516125,50.0
2022-04-16,Southampton,Arsenal,1.0,0.0,H,76,75,77,76,80,82,80,77,-4,31,36,43,-21,0.3157894736842105,37.0,52.0,-15.0,0.25806451612903225,30,54,61,16,0.4736842105263157,45.0,36.0,9.0,0.5666666666666667,0,0,0,0,0,0,0,0,0.0,0.4,-18,-18,-37,-0.1578947368421052,-0.3086021505376344,-24.0
2022-04-16,Watford,Brentford,1.0,2.0,A,74,75,75,73,74,74,75,74,0,31,22,-1,-1,0.0,29.0,60.0,-31.0,0.1935483870967742,32,36,-1,-1,0.0,39.0,48.0,-9.0,0.3125,0,0,0,0,0,0,0,0,0.2,0.8,-14,0,0,0.0,-0.11895161290322581,-22.0
2022-04-17,Newcastle,Leicester,2.0,1.0,H,77,77,77,77,80,80,81,79,-3,31,34,45,-16,0.3157894736842105,34.0,54.0,-20.0,0.25806451612903225,29,40,66,18,0.5263157894736842,45.0,48.0,-3.0,0.3793103448275862,0,0,0,0,0,0,0,0,0.4,0.6,-6,-21,-34,-0.21052631578947367,-0.12124582869855394,-17.0
2022-04-17,West Ham,Burnley,1.0,1.0,D,79,80,78,78,76,77,75,76,3,32,51,65,15,0.5,51.0,42.0,9.0,0.46875,30,24,39,-22,0.2631578947368421,25.0,44.0,-19.0,0.13333333333333333,0,0,0,0,0,0,0,0,0.4,0.2,27,26,37,0.2368421052631579,0.3354166666666667,28.0
2022-04-19,Liverpool,Man United,4.0,0.0,H,85,86,84,85,83,85,83,81,2,31,73,69,26,0.5263157894736842,79.0,22.0,57.0,0.7096774193548387,32,54,74,29,0.5526315789473685,52.0,44.0,8.0,0.46875,0,0,0,0,0,0,0,0,0.8,0.4,19,-5,-3,-0.026315789473684292,0.24092741935483875,49.0
2022-04-20,Chelsea,Arsenal,2.0,4.0,A,84,83,86,83,80,82,80,77,4,30,62,67,22,0.5,64.0,23.0,41.0,0.6,31,54,61,16,0.4736842105263157,45.0,37.0,8.0,0.5483870967741935,0,0,0,0,0,0,1,0,0.8,0.2,8,6,6,0.026315789473684292,0.05161290322580647,33.0
2022-04-20,Everton,Leicester,1.0,1.0,D,78,78,78,77,80,80,81,79,-2,30,28,59,-1,0.4473684210526316,33.0,52.0,-19.0,0.26666666666666666,30,40,66,18,0.5263157894736842,46.0,50.0,-4.0,0.36666666666666664,0,0,0,0,0,0,0,0,0.4,0.4,-12,-7,-19,-0.0789473684210526,-0.09999999999999998,-15.0
2022-04-20,Newcastle,Crystal Palace,1.0,0.0,H,77,77,77,77,76,76,76,75,1,32,37,45,-16,0.3157894736842105,36.0,55.0,-19.0,0.28125,31,37,44,-25,0.3157894736842105,43.0,40.0,3.0,0.25806451612903225,0,0,0,0,0,0,0,0,0.4,0.4,0,1,9,0.0,0.02318548387096775,-22.0
2022-04-20,Man City,Brighton,3.0,0.0,H,85,84,87,86,76,77,75,76,9,31,74,86,51,0.7105263157894737,72.0,20.0,52.0,0.7419354838709677,32,40,41,-6,0.2368421052631578,29.0,37.0,-8.0,0.28125,0,0,0,0,0,0,0,0,0.6,0.4,34,45,57,0.4736842105263159,0.46068548387096775,60.0
2022-04-21,Burnley,Southampton,2.0,0.0,H,76,77,75,76,76,75,77,76,0,31,25,39,-22,0.2631578947368421,26.0,45.0,-19.0,0.12903225806451613,32,39,43,-21,0.3157894736842105,38.0,52.0,-14.0,0.28125,0,0,0,0,0,0,0,0,0.2,0.2,-14,-4,-1,-0.05263157894736842,-0.15221774193548387,-5.0
2022-04-23,Arsenal,Man United,3.0,1.0,H,80,82,80,77,83,85,83,81,-3,32,57,61,16,0.4736842105263157,49.0,39.0,10.0,0.5625,33,54,74,29,0.5526315789473685,52.0,48.0,4.0,0.45454545454545453,0,0,0,0,0,0,0,0,0.4,0.4,3,-13,-13,-0.07894736842105277,0.10795454545454547,6.0
2022-04-23,Leicester,Aston Villa,0.0,0.0,D,80,80,81,79,78,79,78,79,2,31,41,66,18,0.5263157894736842,47.0,51.0,-4.0,0.3548387096774194,31,36,55,9,0.4210526315789473,42.0,46.0,-4.0,0.3548387096774194,0,0,0,0,0,0,1,0,0.4,0.2,5,11,9,0.10526315789473689,0.0,0.0
2022-04-23,Man City,Watford,5.0,1.0,H,85,84,87,86,74,75,75,73,11,32,77,86,51,0.7105263157894737,75.0,20.0,55.0,0.75,32,22,-1,-1,0.0,30.0,62.0,-32.0,0.1875,0,0,0,0,0,0,1,0,0.6,0.2,55,87,52,0.7105263157894737,0.5625,87.0
2022-04-23,Norwich,Newcastle,0.0,3.0,A,73,75,73,73,77,77,77,77,-4,32,21,-1,-1,0.0,22.0,66.0,-44.0,0.15625,33,40,45,-16,0.3157894736842105,37.0,55.0,-18.0,0.30303030303030304,0,0,0,0,1,0,0,0,0.2,0.6,-19,-46,15,-0.3157894736842105,-0.14678030303030304,-26.0
2022-04-23,Brentford,Tottenham,0.0,0.0,D,74,74,75,74,81,83,80,79,-7,33,39,-1,-1,0.0,41.0,49.0,-8.0,0.3333333333333333,32,57,62,23,0.4736842105263157,56.0,38.0,18.0,0.5625,1,0,0,0,0,0,0,0,0.8,0.8,-18,-63,-24,-0.4736842105263157,-0.22916666666666669,-26.0
2022-04-24,Brighton,Southampton,2.0,2.0,D,76,77,75,76,76,75,77,76,0,33,40,41,-6,0.2368421052631578,29.0,40.0,-11.0,0.2727272727272727,33,39,43,-21,0.3157894736842105,38.0,54.0,-16.0,0.2727272727272727,0,0,0,0,0,0,0,0,0.4,0.2,1,-2,15,-0.07894736842105271,0.0,5.0
2022-04-24,Burnley,Wolves,1.0,0.0,H,76,77,75,76,78,79,80,78,-2,32,28,39,-22,0.2631578947368421,28.0,45.0,-17.0,0.15625,32,49,45,-16,0.3157894736842105,33.0,28.0,5.0,0.46875,0,0,0,0,0,0,0,0,0.4,0.6,-21,-6,-6,-0.05263157894736842,-0.3125,-22.0
2022-04-24,Chelsea,West Ham,1.0,0.0,H,84,83,86,83,79,80,78,78,5,31,62,67,22,0.5,66.0,27.0,39.0,0.5806451612903226,33,52,65,15,0.5,52.0,43.0,9.0,0.45454545454545453,0,0,0,0,0,0,0,0,0.6,0.4,10,2,7,0.0,0.1260997067448681,30.0
2022-04-24,Liverpool,Everton,2.0,0.0,H,85,86,84,85,78,78,78,77,7,32,76,69,26,0.5263157894736842,83.0,22.0,61.0,0.71875,31,29,59,-1,0.4473684210526316,34.0,53.0,-19.0,0.25806451612903225,0,0,0,0,0,0,0,0,0.8,0.4,47,10,27,0.0789473684210526,0.46068548387096775,80.0
2022-04-17,Wolves,Man City,0.0,0.0,A,78,79,80,78,85,84,87,86,-7,33,49,45,-16,0.3157894736842105,33.0,29.0,4.0,0.45454545454545453,33,80,86,51,0.7105263157894737,80.0,21.0,59.0,0.7575757575757576,0,0,0,0,0,0,0,0,0.4,0.6,-31,-41,-67,-0.39473684210526316,-0.30303030303030304,-55.0
2022-04-25,Crystal Palace,Leeds,0.0,0.0,H,76,76,76,75,76,77,78,75,0,32,37,44,-25,0.3157894736842105,43.0,41.0,2.0,0.25,32,33,59,8,0.4736842105263157,38.0,68.0,-30.0,0.25,0,0,0,0,0,0,0,0,0.4,0.6,4,-15,-33,-0.1578947368421052,0.0,32.0
2022-04-28,Man United,Chelsea,0.0,0.0,A,83,85,83,81,84,83,86,83,-1,34,54,74,29,0.5526315789473685,53.0,51.0,2.0,0.4411764705882353,32,65,67,22,0.5,67.0,27.0,40.0,0.59375,0,0,0,0,0,0,0,0,0.2,0.6,-11,7,7,0.052631578947368474,-0.15257352941176472,-38.0
2022-04-30,Newcastle,Liverpool,0.0,0.0,A,77,77,77,77,85,86,84,85,-8,34,43,45,-16,0.3157894736842105,40.0,55.0,-15.0,0.3235294117647059,33,79,69,26,0.5263157894736842,85.0,22.0,63.0,0.7272727272727273,1,0,0,0,0,0,0,0,0.8,0.8,-36,-24,-42,-0.21052631578947367,-0.4037433155080214,-78.0
2022-04-30,Aston Villa,Norwich,0.0,0.0,H,78,79,78,79,73,75,73,73,5,32,37,55,9,0.4210526315789473,42.0,46.0,-4.0,0.34375,33,21,-1,-1,0.0,22.0,69.0,-47.0,0.15151515151515152,0,0,0,0,0,0,0,0,0.0,0.2,16,56,10,0.4210526315789473,0.19223484848484848,43.0
2022-04-30,Southampton,Crystal Palace,0.0,0.0,H,76,75,77,76,76,76,76,75,0,34,40,43,-21,0.3157894736842105,40.0,56.0,-16.0,0.2647058823529412,33,40,44,-25,0.3157894736842105,43.0,41.0,2.0,0.2727272727272727,0,0,0,0,0,0,0,0,0.2,0.4,0,-1,4,0.0,-0.008021390374331527,-18.0
2022-04-30,Watford,Burnley,0.0,0.0,H,74,75,75,73,76,77,75,76,-2,33,22,-1,-1,0.0,31.0,67.0,-36.0,0.18181818181818182,33,31,39,-22,0.2631578947368421,29.0,45.0,-16.0,0.18181818181818182,0,0,1,0,0,0,0,0,0.2,0.6,-9,-40,21,-0.2631578947368421,0.0,-20.0
2022-04-30,Wolves,Brighton,0.0,0.0,H,78,79,80,78,76,77,75,76,2,34,49,45,-16,0.3157894736842105,33.0,29.0,4.0,0.4411764705882353,34,41,41,-6,0.2368421052631578,31.0,42.0,-11.0,0.2647058823529412,0,0,1,0,0,0,0,0,0.2,0.4,8,4,-10,0.07894736842105271,0.1764705882352941,15.0
2022-04-30,Leeds,Man City,0.0,0.0,A,76,77,78,75,85,84,87,86,-9,33,33,59,8,0.4736842105263157,38.0,68.0,-30.0,0.24242424242424243,34,83,86,51,0.7105263157894737,80.0,21.0,59.0,0.7647058823529411,0,0,0,0,1,0,0,0,0.6,0.8,-50,-27,-43,-0.23684210526315796,-0.5222816399286987,-89.0
2022-05-01,Everton,Chelsea,0.0,0.0,A,78,78,78,77,84,83,86,83,-6,32,29,59,-1,0.4473684210526316,34.0,55.0,-21.0,0.25,33,68,67,22,0.5,67.0,27.0,40.0,0.6060606060606061,0,0,0,0,0,0,0,0,0.2,0.6,-39,-8,-23,-0.05263157894736842,-0.3560606060606061,-61.0
2022-05-01,Tottenham,Leicester,0.0,0.0,H,81,83,80,79,80,80,81,79,1,33,58,62,23,0.4736842105263157,56.0,38.0,18.0,0.5454545454545454,32,42,66,18,0.5263157894736842,47.0,51.0,-4.0,0.34375,0,0,0,0,0,0,0,0,0.6,0.2,16,-4,5,-0.052631578947368474,0.20170454545454541,22.0
2022-05-01,West Ham,Arsenal,0.0,0.0,H,79,80,78,78,80,82,80,77,-1,34,52,65,15,0.5,52.0,44.0,8.0,0.4411764705882353,33,60,61,16,0.4736842105263157,52.0,40.0,12.0,0.5757575757575758,0,0,0,0,0,0,0,0,0.2,0.4,-8,4,-1,0.026315789473684292,-0.13458110516934052,-4.0
2022-05-02,Man United,Brentford,0.0,0.0,H,83,85,83,81,74,74,75,74,9,35,54,74,29,0.5526315789473685,53.0,51.0,2.0,0.42857142857142855,34,40,-1,-1,0.0,41.0,49.0,-8.0,0.3235294117647059,0,0,1,0,0,0,0,0,0.2,0.6,14,75,30,0.5526315789473685,0.10504201680672265,10.0
2022-05-07,Brentford,Southampton,0.0,0.0,H,74,74,75,74,76,75,77,76,-2,35,40,-1,-1,0.0,41.0,49.0,-8.0,0.3142857142857143,35,43,43,-21,0.3157894736842105,40.0,56.0,-16.0,0.2857142857142857,0,0,0,0,0,0,0,0,0.6,0.4,-3,-44,20,-0.3157894736842105,0.02857142857142858,8.0
2022-05-07,Burnley,Aston Villa,0.0,0.0,A,76,77,75,76,78,79,78,79,-2,34,31,39,-22,0.2631578947368421,29.0,45.0,-16.0,0.17647058823529413,33,40,55,9,0.4210526315789473,42.0,46.0,-4.0,0.36363636363636365,0,0,0,0,0,0,0,0,0.4,0.2,-9,-16,-31,-0.1578947368421052,-0.18716577540106952,-12.0
2022-05-07,Chelsea,Wolves,0.0,0.0,H,84,83,86,83,78,79,80,78,6,34,71,67,22,0.5,67.0,27.0,40.0,0.6176470588235294,35,52,45,-16,0.3157894736842105,33.0,29.0,4.0,0.45714285714285713,1,0,0,0,0,0,0,0,0.8,0.4,19,22,38,0.1842105263157895,0.1605042016806723,36.0
2022-05-07,Crystal Palace,Watford,0.0,0.0,H,76,76,76,75,74,75,75,73,2,34,40,44,-25,0.3157894736842105,43.0,41.0,2.0,0.2647058823529412,34,25,-1,-1,0.0,31.0,67.0,-36.0,0.20588235294117646,0,0,0,0,0,0,0,0,0.4,0.2,15,45,-24,0.3157894736842105,0.05882352941176472,38.0
2022-05-07,Brighton,Man United,0.0,0.0,A,76,77,75,76,83,85,83,81,-7,35,41,41,-6,0.2368421052631578,31.0,42.0,-11.0,0.2571428571428571,36,57,74,29,0.5526315789473685,53.0,51.0,2.0,0.4444444444444444,0,0,0,0,0,0,0,0,0.4,0.4,-16,-33,-35,-0.3157894736842107,-0.1873015873015873,-13.0
2022-05-07,Liverpool,Tottenham,0.0,0.0,H,85,86,84,85,81,83,80,79,4,34,82,69,26,0.5263157894736842,85.0,22.0,63.0,0.7352941176470589,34,61,62,23,0.4736842105263157,56.0,38.0,18.0,0.5588235294117647,1,0,0,0,0,0,0,0,0.8,0.6,21,7,3,0.052631578947368474,0.17647058823529416,45.0
2022-05-08,Arsenal,Leeds,0.0,0.0,H,80,82,80,77,76,77,78,75,4,34,60,61,16,0.4736842105263157,52.0,40.0,12.0,0.5588235294117647,34,33,59,8,0.4736842105263157,38.0,68.0,-30.0,0.23529411764705882,0,0,0,0,0,0,0,0,0.4,0.4,27,2,8,0.0,0.3235294117647059,42.0
2022-05-08,Leicester,Everton,0.0,0.0,H,80,80,81,79,78,78,78,77,2,33,42,66,18,0.5263157894736842,47.0,51.0,-4.0,0.3333333333333333,33,29,59,-1,0.4473684210526316,34.0,55.0,-21.0,0.24242424242424243,0,0,0,0,0,0,0,0,0.2,0.2,13,7,19,0.0789473684210526,0.09090909090909088,17.0
2022-05-08,Norwich,West Ham,0.0,0.0,A,73,75,73,73,79,80,78,78,-6,34,21,-1,-1,0.0,22.0,69.0,-47.0,0.14705882352941177,35,55,65,15,0.5,52.0,44.0,8.0,0.45714285714285713,0,0,1,0,0,0,0,0,0.2,0.4,-34,-66,-16,-0.5,-0.3100840336134454,-55.0
2022-05-08,Man City,Newcastle,0.0,0.0,H,85,84,87,86,77,77,77,77,8,35,86,86,51,0.7105263157894737,80.0,21.0,59.0,0.7714285714285715,35,43,45,-16,0.3157894736842105,40.0,55.0,-15.0,0.3142857142857143,1,0,0,0,0,0,0,0,0.8,0.8,43,41,67,0.39473684210526316,0.4571428571428572,74.0
2022-05-10,Aston Villa,Liverpool,0.0,0.0,A,78,79,78,79,85,86,84,85,-7,34,43,55,9,0.4210526315789473,42.0,46.0,-4.0,0.38235294117647056,35,85,69,26,0.5263157894736842,85.0,22.0,63.0,0.7428571428571429,0,0,0,0,1,0,0,0,0.4,0.8,-42,-14,-17,-0.10526315789473689,-0.3605042016806723,-67.0
2022-05-11,Leeds,Chelsea,0.0,0.0,A,76,77,78,75,84,83,86,83,-8,35,33,59,8,0.4736842105263157,38.0,68.0,-30.0,0.22857142857142856,35,74,67,22,0.5,67.0,27.0,40.0,0.6285714285714286,0,0,1,0,1,0,0,0,0.2,0.8,-41,-8,-14,-0.026315789473684292,-0.4,-70.0
2022-05-11,Leicester,Norwich,0.0,0.0,H,80,80,81,79,73,75,73,73,7,34,45,66,18,0.5263157894736842,47.0,51.0,-4.0,0.35294117647058826,35,21,-1,-1,0.0,22.0,69.0,-47.0,0.14285714285714285,0,0,0,0,0,0,1,0,0.2,0.2,24,67,19,0.5263157894736842,0.2100840336134454,43.0
2022-05-11,Watford,Everton,0.0,0.0,A,74,75,75,73,78,78,78,77,-4,35,25,-1,-1,0.0,31.0,67.0,-36.0,0.2,34,29,59,-1,0.4473684210526316,34.0,55.0,-21.0,0.23529411764705882,0,0,0,0,0,0,1,0,0.2,0.2,-4,-60,0,-0.4473684210526316,-0.03529411764705881,-15.0
2022-05-12,Tottenham,Arsenal,0.0,0.0,H,81,83,80,79,80,82,80,77,1,35,61,62,23,0.4736842105263157,56.0,38.0,18.0,0.5428571428571428,35,63,61,16,0.4736842105263157,52.0,40.0,12.0,0.5714285714285714,0,0,0,0,0,0,0,0,0.4,0.6,-2,1,7,0.0,-0.02857142857142858,6.0
2022-05-15,Tottenham,Burnley,0.0,0.0,H,81,83,80,79,76,77,75,76,5,36,64,62,23,0.4736842105263157,56.0,38.0,18.0,0.5555555555555556,35,31,39,-22,0.2631578947368421,29.0,45.0,-16.0,0.17142857142857143,0,0,0,0,0,0,0,0,0.4,0.4,33,23,45,0.21052631578947362,0.38412698412698415,34.0
2022-05-15,Aston Villa,Crystal Palace,0.0,0.0,H,78,79,78,79,76,76,76,75,2,35,43,55,9,0.4210526315789473,42.0,46.0,-4.0,0.37142857142857144,35,43,44,-25,0.3157894736842105,43.0,41.0,2.0,0.2857142857142857,0,0,0,0,0,0,0,0,0.4,0.4,0,11,34,0.10526315789473678,0.08571428571428574,-6.0
2022-05-15,Everton,Brentford,0.0,0.0,H,78,78,78,77,74,74,75,74,4,35,32,59,-1,0.4473684210526316,34.0,55.0,-21.0,0.2571428571428571,36,43,-1,-1,0.0,41.0,49.0,-8.0,0.3333333333333333,0,0,0,0,0,0,0,0,0.2,0.6,-11,60,0,0.4473684210526316,-0.0761904761904762,-13.0
2022-05-15,Leeds,Brighton,0.0,0.0,H,76,77,78,75,76,77,75,76,0,36,33,59,8,0.4736842105263157,38.0,68.0,-30.0,0.2222222222222222,36,41,41,-6,0.2368421052631578,31.0,42.0,-11.0,0.25,0,0,1,0,0,0,0,0,0.2,0.2,-8,18,14,0.2368421052631579,-0.02777777777777779,-19.0
2022-05-15,Watford,Leicester,0.0,0.0,A,74,75,75,73,80,80,81,79,-6,36,25,-1,-1,0.0,31.0,67.0,-36.0,0.19444444444444445,35,48,66,18,0.5263157894736842,47.0,51.0,-4.0,0.37142857142857144,0,0,0,0,0,0,0,0,0.2,0.4,-23,-67,-19,-0.5263157894736842,-0.176984126984127,-32.0
2022-05-15,Wolves,Norwich,0.0,0.0,H,78,79,80,78,73,75,73,73,5,36,52,45,-16,0.3157894736842105,33.0,29.0,4.0,0.4444444444444444,36,21,-1,-1,0.0,22.0,69.0,-47.0,0.1388888888888889,0,0,0,0,0,0,1,1,0.2,0.0,31,46,-15,0.3157894736842105,0.3055555555555555,51.0
2022-05-15,Southampton,Liverpool,0.0,0.0,A,76,75,77,76,85,86,84,85,-9,36,43,43,-21,0.3157894736842105,40.0,56.0,-16.0,0.2777777777777778,36,88,69,26,0.5263157894736842,85.0,22.0,63.0,0.75,0,0,0,0,1,1,0,0,0.4,1.0,-45,-26,-47,-0.21052631578947367,-0.4722222222222222,-79.0
2022-05-15,West Ham,Man City,0.0,0.0,A,79,80,78,78,85,84,87,86,-6,36,58,65,15,0.5,52.0,44.0,8.0,0.4722222222222222,36,89,86,51,0.7105263157894737,80.0,21.0,59.0,0.7777777777777778,0,0,0,0,1,1,0,0,0.4,1.0,-31,-21,-36,-0.21052631578947367,-0.3055555555555556,-51.0
2022-05-16,Newcastle,Arsenal,0.0,0.0,A,77,77,77,77,80,82,80,77,-3,36,43,45,-16,0.3157894736842105,40.0,55.0,-15.0,0.3055555555555556,36,63,61,16,0.4736842105263157,52.0,40.0,12.0,0.5555555555555556,0,0,0,0,0,0,0,0,0.6,0.6,-20,-16,-32,-0.1578947368421052,-0.25,-27.0
2022-05-19,Everton,Crystal Palace,0.0,0.0,H,78,78,78,77,76,76,76,75,2,36,35,59,-1,0.4473684210526316,34.0,55.0,-21.0,0.2777777777777778,36,43,44,-25,0.3157894736842105,43.0,41.0,2.0,0.2777777777777778,0,0,0,0,0,0,0,0,0.4,0.4,-8,15,24,0.13157894736842107,0.0,-23.0
2022-05-19,Aston Villa,Burnley,0.0,0.0,H,78,79,78,79,76,77,75,76,2,36,46,55,9,0.4210526315789473,42.0,46.0,-4.0,0.3888888888888889,36,31,39,-22,0.2631578947368421,29.0,45.0,-16.0,0.16666666666666666,0,0,0,0,0,0,1,0,0.6,0.4,15,16,31,0.1578947368421052,0.22222222222222224,12.0
2022-05-19,Chelsea,Leicester,0.0,0.0,H,84,83,86,83,80,80,81,79,4,36,77,67,22,0.5,67.0,27.0,40.0,0.6388888888888888,36,51,66,18,0.5263157894736842,47.0,51.0,-4.0,0.3888888888888889,1,1,0,0,1,0,0,0,1.0,0.6,26,1,4,-0.02631578947368418,0.24999999999999994,44.0
2022-05-22,Arsenal,Everton,0.0,0.0,H,80,82,80,77,78,78,78,77,2,37,66,61,16,0.4736842105263157,52.0,40.0,12.0,0.5675675675675675,37,38,59,-1,0.4473684210526316,34.0,55.0,-21.0,0.2972972972972973,0,0,0,0,1,0,0,0,0.6,0.6,28,2,17,0.026315789473684126,0.27027027027027023,33.0
2022-05-22,Brentford,Leeds,0.0,0.0,H,74,74,75,74,76,77,78,75,-2,37,43,-1,-1,0.0,41.0,49.0,-8.0,0.32432432432432434,37,36,59,8,0.4736842105263157,38.0,68.0,-30.0,0.24324324324324326,0,0,0,0,0,0,0,0,0.4,0.2,7,-60,-9,-0.4736842105263157,0.08108108108108109,22.0
2022-05-22,Brighton,West Ham,0.0,0.0,A,76,77,75,76,79,80,78,78,-3,37,41,41,-6,0.2368421052631578,31.0,42.0,-11.0,0.24324324324324326,37,58,65,15,0.5,52.0,44.0,8.0,0.4594594594594595,0,0,1,0,0,0,0,0,0.0,0.4,-17,-24,-21,-0.2631578947368422,-0.21621621621621623,-19.0
2022-05-22,Burnley,Newcastle,0.0,0.0,H,76,77,75,76,77,77,77,77,-1,37,31,39,-22,0.2631578947368421,29.0,45.0,-16.0,0.16216216216216217,37,43,45,-16,0.3157894736842105,40.0,55.0,-15.0,0.2972972972972973,0,0,1,0,0,0,1,0,0.2,0.4,-12,-6,-6,-0.05263157894736842,-0.13513513513513514,-1.0
2022-05-22,Chelsea,Watford,0.0,0.0,H,84,83,86,83,74,75,75,73,10,37,80,67,22,0.5,67.0,27.0,40.0,0.6486486486486487,37,25,-1,-1,0.0,31.0,67.0,-36.0,0.1891891891891892,1,1,0,0,0,0,1,0,1.0,0.2,55,68,23,0.5,0.4594594594594595,76.0
2022-05-22,Crystal Palace,Man United,0.0,0.0,A,76,76,76,75,83,85,83,81,-7,37,43,44,-25,0.3157894736842105,43.0,41.0,2.0,0.2702702702702703,37,60,74,29,0.5526315789473685,53.0,51.0,2.0,0.4594594594594595,0,0,0,0,0,0,0,0,0.4,0.4,-17,-30,-54,-0.23684210526315796,-0.1891891891891892,0.0
2022-05-22,Leicester,Southampton,0.0,0.0,H,80,80,81,79,76,75,77,76,4,37,51,66,18,0.5263157894736842,47.0,51.0,-4.0,0.3783783783783784,37,43,43,-21,0.3157894736842105,40.0,56.0,-16.0,0.2702702702702703,0,0,0,0,0,0,0,0,0.6,0.2,8,23,39,0.21052631578947367,0.10810810810810811,12.0
2022-05-22,Liverpool,Wolves,0.0,0.0,H,85,86,84,85,78,79,80,78,7,37,91,69,26,0.5263157894736842,85.0,22.0,63.0,0.7567567567567568,37,55,45,-16,0.3157894736842105,33.0,29.0,4.0,0.4594594594594595,1,1,0,0,0,0,0,0,1.0,0.4,36,24,42,0.21052631578947367,0.2972972972972973,59.0
2022-05-22,Man City,Aston Villa,0.0,0.0,H,85,84,87,86,78,79,78,79,7,37,92,86,51,0.7105263157894737,80.0,21.0,59.0,0.7837837837837838,37,49,55,9,0.4210526315789473,42.0,46.0,-4.0,0.40540540540540543,1,1,0,0,0,0,0,0,1.0,0.8,43,31,42,0.2894736842105264,0.37837837837837834,63.0
2022-05-22,Norwich,Tottenham,0.0,0.0,A,73,75,73,73,81,83,80,79,-8,37,21,-1,-1,0.0,22.0,69.0,-47.0,0.13513513513513514,37,67,62,23,0.4736842105263157,56.0,38.0,18.0,0.5675675675675675,0,0,1,1,0,0,0,0,0.0,0.6,-46,-63,-24,-0.4736842105263157,-0.4324324324324324,-65.0
